playerId,name,age,primaryPosition,secondaryPosition,bats,throws,chemistry,personality,overallGrade,gradeWeight,power,contact,speed,fielding,arm,velocity,junk,accuracy,arsenal,trait1,trait2,isActive,createdDate,notes,originalTeam
1,Gina Torrens,36,2B,SS,L,R,Crafty,,B+,0.9,25,87,91,80,20,0,0,0,,PWR vs RHP,Butter Fingers,TRUE,2024-01-01,SMB4 Beewolves,Beewolves
2,Handley Dexterez,29,SS,IF/OF,S,R,Spirited,,S,0.5,63,87,87,97,74,0,0,0,,Utility,Fastball Hitter,TRUE,2024-01-01,SMB4 Beewolves,Beewolves
3,Kobe Kingman,31,1B,RF,S,R,Competitive,,B,1.0,95,27,51,68,63,0,0,0,,,,TRUE,2024-01-01,SMB4 Beewolves,Beewolves
4,Buster Bigs,31,LF,C,L,R,Scholarly,,B,1.0,74,68,77,44,40,0,0,0,,Base Jogger,,TRUE,2024-01-01,SMB4 Beewolves,Beewolves
5,Billy LeBoink,32,RF,LF,R,R,Competitive,,B,1.0,56,74,28,73,97,0,0,0,,,,TRUE,2024-01-01,SMB4 Beewolves,Beewolves
6,Magic Moore,22,CF,OF,S,L,Spirited,,B,1.0,56,40,87,61,69,0,0,0,,,,TRUE,2024-01-01,SMB4 Beewolves,Beewolves
7,Bertha Banks,29,3B,1B,L,R,Scholarly,,B-,1.1,64,56,51,67,52,0,0,0,,Big Hack,Slow Poke,TRUE,2024-01-01,SMB4 Beewolves,Beewolves
8,Johnson Swanson,31,C,,R,R,Spirited,,B-,1.1,62,43,72,73,70,0,0,0,,Little Hack,,TRUE,2024-01-01,SMB4 Beewolves,Beewolves
9,Freddie Knox,38,2B,,R,R,Spirited,,B-,1.1,23,81,95,43,56,0,0,0,,Bad Ball Hitter,,TRUE,2024-01-01,SMB4 Beewolves,Beewolves
10,Ruby Greene,26,1B,3B,L,R,Spirited,,B,1.0,63,69,54,18,51,0,0,0,,Mind Gamer,,TRUE,2024-01-01,SMB4 Beewolves,Beewolves
11,Steve Monstur,32,C,1B,L,R,Crafty,,B-,1.1,69,45,56,52,53,0,0,0,,Whiffer,First Pitch Slayer,TRUE,2024-01-01,SMB4 Beewolves,Beewolves
12,Benny Balmer,29,LF,OF,S,L,Crafty,,C+,1.2,32,40,58,89,84,0,0,0,,Clutch,,TRUE,2024-01-01,SMB4 Beewolves,Beewolves
13,Poke Foster,24,RF,OF,R,R,Spirited,,C,1.3,25,76,24,68,66,0,0,0,,Bunter,,TRUE,2024-01-01,SMB4 Beewolves,Beewolves
14,Name,Age,Pow,Con,Bat,Thr,Chem,,Ovr,1.0,Spd,Fld,Vel,Jnk,Acc,0,0,0,,Trait 1,Trait 2,TRUE,2024-01-01,SMB4 Beewolves,Beewolves
15,Hurley Bender,23,12,8,L,R,Disciplined,,S,0.5,23,67,73,99,86,0,0,0,,Elite CB,,TRUE,2024-01-01,SMB4 Beewolves,Beewolves
16,Bevis Ortiz,28,4,7,L,R,Spirited,,B+,0.9,65,70,63,66,63,0,0,0,,Elite FK,,TRUE,2024-01-01,SMB4 Beewolves,Beewolves
17,Fran Gipani,37,2,38,R,R,Disciplined,,B,1.0,35,98,66,54,46,0,0,0,,Elite 2F,Volatile,TRUE,2024-01-01,SMB4 Beewolves,Beewolves
18,Deshaun Levonn,28,54,24,L,L,Scholarly,,C+,1.2,5,60,42,41,68,0,0,0,,,,TRUE,2024-01-01,SMB4 Beewolves,Beewolves
19,Buzz Pastimm,31,14,26,R,L,Spirited,,B+,0.9,3,56,87,29,65,0,0,0,,Specialist,Elite 4,TRUE,2024-01-01,SMB4 Beewolves,Beewolves
20,Benson Rushmore,26,25,8,R,R,Crafty,,C+,1.2,8,39,62,59,31,0,0,0,,,,TRUE,2024-01-01,SMB4 Beewolves,Beewolves
21,Dusty Winder,28,12,3,L,R,Scholarly,,C+,1.2,13,76,62,42,46,0,0,0,,,,TRUE,2024-01-01,SMB4 Beewolves,Beewolves
22,Tatts Balfour,37,2,13,R,R,Scholarly,,C+,1.2,41,90,49,64,38,0,0,0,,BB Prone,,TRUE,2024-01-01,SMB4 Beewolves,Beewolves
23,Smack Avery,20,3,4,L,L,Disciplined,,C+,1.2,19,80,72,36,40,0,0,0,,K Collector,,TRUE,2024-01-01,SMB4 Beewolves,Beewolves
24,Elvis Stanley,28,SS,2B,S,R,Spirited,,A,0.7,68,80,75,87,77,0,0,0,,Clutch,,TRUE,2024-01-01,SMB4 Blowfish,Blowfish
25,Jose Carloco,29,1B,,R,R,Competitive,,B-,1.1,76,98,35,13,11,0,0,0,,,,TRUE,2024-01-01,SMB4 Blowfish,Blowfish
26,Nirub Oowanga,28,RF,OF,S,L,Competitive,,A-,0.8,61,84,83,70,53,0,0,0,,First Pitch Slayer,,TRUE,2024-01-01,SMB4 Blowfish,Blowfish
27,Marvin Steed,36,LF,OF,L,L,Disciplined,,A-,0.8,74,79,86,65,27,0,0,0,,POW vs RHP,Sprinter,TRUE,2024-01-01,SMB4 Blowfish,Blowfish
28,Keg Gutterson,31,3B,SS,R,R,Spirited,,B+,0.9,70,97,39,39,68,0,0,0,,RBI Hero,,TRUE,2024-01-01,SMB4 Blowfish,Blowfish
29,Sting McGee,36,C,,L,R,Crafty,,B+,0.9,52,85,57,74,68,0,0,0,,,,TRUE,2024-01-01,SMB4 Blowfish,Blowfish
30,Shayanne Hill,32,2B,3B,R,R,Disciplined,,B,1.0,35,83,91,70,21,0,0,0,,Mind Gamer,,TRUE,2024-01-01,SMB4 Blowfish,Blowfish
31,Rod Forth,31,RF,C,L,R,Disciplined,,B,1.0,18,97,95,36,42,0,0,0,,Distractor,,TRUE,2024-01-01,SMB4 Blowfish,Blowfish
32,Hog Porker,38,2B,SS,L,R,Competitive,,B,1.0,71,58,38,78,52,0,0,0,,Base Jogger,,TRUE,2024-01-01,SMB4 Blowfish,Blowfish
33,Harry Backman,31,C,1B,S,R,Scholarly,,B+,0.9,95,71,58,33,39,0,0,0,,Whiffer,,TRUE,2024-01-01,SMB4 Blowfish,Blowfish
34,Ricky Quan,21,CF,OF,R,R,Crafty,,C+,1.2,30,45,70,92,91,0,0,0,,Stealer,,TRUE,2024-01-01,SMB4 Blowfish,Blowfish
35,Alfonzo Delgado,27,3B,1B,S,R,Competitive,,C+,1.2,37,47,66,66,78,0,0,0,,Base Rounder,,TRUE,2024-01-01,SMB4 Blowfish,Blowfish
36,Pumper Lumpkins,31,LF,1B/OF,R,R,Spirited,,C-,1.4,49,28,49,75,38,0,0,0,,CON vs LHP,,TRUE,2024-01-01,SMB4 Blowfish,Blowfish
37,Name,Age,Pow,Con,Bat,Thr,Chem,,Ovr,1.0,Spd,Fld,Vel,Jnk,Acc,0,0,0,,Trait 1,Trait 2,TRUE,2024-01-01,SMB4 Blowfish,Blowfish
38,Wanda Dregler,32,22,5,L,R,Spirited,,A-,0.8,16,71,51,59,95,0,0,0,,Surrounded,Elite CH,TRUE,2024-01-01,SMB4 Blowfish,Blowfish
39,Lad Bradwick,21,3,97,R,R,Spirited,,B+,0.9,34,81,78,60,63,0,0,0,,,,TRUE,2024-01-01,SMB4 Blowfish,Blowfish
40,Bartholomew Draculo,37,37,7,R,R,Disciplined,,B,1.0,24,43,65,45,79,0,0,0,,Falls Behind,Volatile,TRUE,2024-01-01,SMB4 Blowfish,Blowfish
41,Shania Burns,27,19,2,L,L,Spirited,,B,1.0,15,52,52,50,72,0,0,0,,,,TRUE,2024-01-01,SMB4 Blowfish,Blowfish
42,Geoffery Jenkins,20,20,10,L,R,Scholarly,,C+,1.2,0,67,45,53,44,0,0,0,,Elite SL,,TRUE,2024-01-01,SMB4 Blowfish,Blowfish
43,Dwight Breeze,26,7,7,R,R,Scholarly,,D+,1.5,44,17,29,42,35,0,0,0,,Consistent,,TRUE,2024-01-01,SMB4 Blowfish,Blowfish
44,Joanna Heater,22,27,2,L,R,Spirited,,B-,1.1,8,16,97,10,69,0,0,0,,Elite 4F,Wild Thing,TRUE,2024-01-01,SMB4 Blowfish,Blowfish
45,Mindy Marshwater,26,3,21,L,L,Scholarly,,C,1.3,25,60,33,41,45,0,0,0,,Elite SB,,TRUE,2024-01-01,SMB4 Blowfish,Blowfish
46,Julio Huper,25,24,46,R,L,Competitive,,B+,0.9,5,50,55,77,39,0,0,0,,Specialist,Elite CF,TRUE,2024-01-01,SMB4 Blowfish,Blowfish
47,Buttons Bunterson,25,SS,3B,R,R,Competitive,,A,0.7,46,99,92,92,82,0,0,0,,Sprinter,Bunter,TRUE,2024-01-01,SMB4 Buzzards,Buzzards
48,Joseph Trunk,23,1B,LF,R,L,Spirited,,B,1.0,68,77,67,77,42,0,0,0,,Choker,,TRUE,2024-01-01,SMB4 Buzzards,Buzzards
49,Mario Mustaccio,25,3B,SS,L,R,Disciplined,,A-,0.8,72,63,69,88,79,0,0,0,,Stimulated,Dive Wizard,TRUE,2024-01-01,SMB4 Buzzards,Buzzards
50,Jacques O'Ften,36,C,,L,R,Disciplined,,A-,0.8,87,49,69,76,81,0,0,0,,First Pitch Slayer,Consistent,TRUE,2024-01-01,SMB4 Buzzards,Buzzards
51,Dano Yoshida,21,RF,C,L,R,Crafty,,B+,0.9,60,69,57,84,97,0,0,0,,,,TRUE,2024-01-01,SMB4 Buzzards,Buzzards
52,Thurman Colt,32,CF,,S,R,Disciplined,,B+,0.9,70,45,83,31,49,0,0,0,,Mind Gamer,,TRUE,2024-01-01,SMB4 Buzzards,Buzzards
53,Rolf Borgnar,37,LF,OF,L,L,Disciplined,,B-,1.1,49,59,65,82,77,0,0,0,,RBI Zero,,TRUE,2024-01-01,SMB4 Buzzards,Buzzards
54,Sloop Whoopity,20,2B,3B,R,R,Crafty,,B-,1.1,29,73,83,58,53,0,0,0,,Rally Starter,,TRUE,2024-01-01,SMB4 Buzzards,Buzzards
55,Spits McKinny,36,LF,RF,R,R,Competitive,,B-,1.1,30,84,69,75,56,0,0,0,,RBI Hero,,TRUE,2024-01-01,SMB4 Buzzards,Buzzards
56,Helena Bigsby,31,1B,,S,R,Crafty,,B,1.0,59,91,25,45,47,0,0,0,,,,TRUE,2024-01-01,SMB4 Buzzards,Buzzards
57,Billy Bronx,28,C,IF/OF,R,R,Spirited,,C,1.3,46,28,38,61,74,0,0,0,,Distractor,,TRUE,2024-01-01,SMB4 Buzzards,Buzzards
58,Emilio Idoya,31,2B,IF/OF,L,R,Crafty,,B-,1.1,28,35,82,85,81,0,0,0,,Outside Pitch,Utility,TRUE,2024-01-01,SMB4 Buzzards,Buzzards
59,Ham Slamous,22,SS,2B,L,R,Competitive,,B,1.0,73,56,46,53,75,0,0,0,,,,TRUE,2024-01-01,SMB4 Buzzards,Buzzards
60,Name,Age,Pow,Con,Bat,Thr,Chem,,Ovr,1.0,Spd,Fld,Vel,Jnk,Acc,0,0,0,,Trait 1,Trait 2,TRUE,2024-01-01,SMB4 Buzzards,Buzzards
61,Punchie Patterson,27,30,12,R,R,Competitive,,A-,0.8,25,72,89,89,34,0,0,0,,K Collector,Easy Jumps,TRUE,2024-01-01,SMB4 Buzzards,Buzzards
62,Meow Bubbkins,29,4,26,R,L,Scholarly,,B,1.0,16,77,44,53,75,0,0,0,,Elite SB,Volatile,TRUE,2024-01-01,SMB4 Buzzards,Buzzards
63,Erlang Elwood,29,5,10,L,L,Scholarly,,C+,1.2,14,84,52,41,46,0,0,0,,Elite 2F,,TRUE,2024-01-01,SMB4 Buzzards,Buzzards
64,Hannah Hogswind,27,4,19,R,R,Crafty,,C-,1.4,56,98,32,15,61,0,0,0,,,,TRUE,2024-01-01,SMB4 Buzzards,Buzzards
65,Bradley Bowler,29,14,1,R,R,Competitive,,B,1.0,17,71,62,68,53,0,0,0,,,,TRUE,2024-01-01,SMB4 Buzzards,Buzzards
66,Sebastian Morrow,28,21,13,L,R,Scholarly,,B-,1.1,22,55,55,53,54,0,0,0,,Reverse Splits,,TRUE,2024-01-01,SMB4 Buzzards,Buzzards
67,Max Texis,37,2,16,L,L,Spirited,,A-,0.8,17,93,85,76,57,0,0,0,,Crossed Up,,TRUE,2024-01-01,SMB4 Buzzards,Buzzards
68,Meat Commonly,38,5,10,L,R,Spirited,,D+,1.5,20,54,69,20,18,0,0,0,,Wild Thing,,TRUE,2024-01-01,SMB4 Buzzards,Buzzards
69,Leyla Buckberger,27,19,14,L,R,Spirited,,B,1.0,23,68,52,81,50,0,0,0,,Rally Stopper,,TRUE,2024-01-01,SMB4 Buzzards,Buzzards
70,Liane Drive,27,1B,C,R,R,Crafty,,B,1.0,57,96,39,39,59,0,0,0,,Mind Gamer,,TRUE,2024-01-01,SMB4 Crocodons,Crocodons
71,Andre Candela,25,2B,IF,S,R,Competitive,,A-,0.8,67,72,71,76,22,0,0,0,,Sprinter,Consistent,TRUE,2024-01-01,SMB4 Crocodons,Crocodons
72,Runda Thurd,31,3B,SS,R,R,Disciplined,,B+,0.9,78,53,95,61,61,0,0,0,,Base Rounder,,TRUE,2024-01-01,SMB4 Crocodons,Crocodons
73,Terra Lionerre,28,C,1B,L,R,Spirited,,B,1.0,74,60,39,50,63,0,0,0,,Wild Thrower,,TRUE,2024-01-01,SMB4 Crocodons,Crocodons
74,Vinnie Vortex,29,RF,OF,L,R,Scholarly,,B+,0.9,35,80,93,56,64,0,0,0,,,,TRUE,2024-01-01,SMB4 Crocodons,Crocodons
75,Gordon Fruitwell,29,CF,OF,L,R,Competitive,,B,1.0,42,63,88,49,59,0,0,0,,,,TRUE,2024-01-01,SMB4 Crocodons,Crocodons
76,Juanita Hernandez,31,RF,LF,R,R,Disciplined,,B+,0.9,48,69,65,89,96,0,0,0,,Cannon Arm,,TRUE,2024-01-01,SMB4 Crocodons,Crocodons
77,Norton Pickle,31,SS,,R,R,Competitive,,B,1.0,33,79,69,78,73,0,0,0,,Distractor,,TRUE,2024-01-01,SMB4 Crocodons,Crocodons
78,Clifford Kane,37,CF,OF,L,L,Scholarly,,C+,1.2,59,62,53,30,47,0,0,0,,Easy Target,,TRUE,2024-01-01,SMB4 Crocodons,Crocodons
79,Evan Chukov,20,C,RF,L,R,Crafty,,B-,1.1,41,53,23,78,89,0,0,0,,First Pitch Slayer,,TRUE,2024-01-01,SMB4 Crocodons,Crocodons
80,Bubba Blastman,30,LF,,S,R,Disciplined,,C+,1.2,74,42,25,47,56,0,0,0,,Whiffer,Clutch,TRUE,2024-01-01,SMB4 Crocodons,Crocodons
81,Trisha Lee,21,3B,1B,L,R,Crafty,,B-,1.1,38,80,58,48,69,0,0,0,,,,TRUE,2024-01-01,SMB4 Crocodons,Crocodons
82,Tarzan Woodburn,26,1B,3B,L,R,Competitive,,C-,1.4,21,34,11,96,83,0,0,0,,Big Hack,,TRUE,2024-01-01,SMB4 Crocodons,Crocodons
83,Name,Age,Pow,Con,Bat,Thr,Chem,,Ovr,1.0,Spd,Fld,Vel,Jnk,Acc,0,0,0,,Trait 1,Trait 2,TRUE,2024-01-01,SMB4 Crocodons,Crocodons
84,Jovita Pulo,29,8,10,L,R,Scholarly,,S,0.5,49,63,97,89,85,0,0,0,,,,TRUE,2024-01-01,SMB4 Crocodons,Crocodons
85,Maurice Brick,22,16,15,L,L,Competitive,,A,0.7,13,81,76,96,52,0,0,0,,Workhorse,Volatile,TRUE,2024-01-01,SMB4 Crocodons,Crocodons
86,Jerry Kapps,37,2,36,R,R,Crafty,,A-,0.8,7,88,64,70,74,0,0,0,,,,TRUE,2024-01-01,SMB4 Crocodons,Crocodons
87,Bae Paul,27,7,28,L,R,Competitive,,C+,1.2,33,75,9,75,52,0,0,0,,Elite 2F,,TRUE,2024-01-01,SMB4 Crocodons,Crocodons
88,Norm Fenomeno,23,77,79,L,R,Spirited,,A,0.7,23,78,54,76,67,0,0,0,,Elite 4F,Two Way (IF),TRUE,2024-01-01,SMB4 Crocodons,Crocodons
89,Woody Ano,38,5,30,R,R,Crafty,,B,1.0,10,76,85,89,15,0,0,0,,Crossed Up,,TRUE,2024-01-01,SMB4 Crocodons,Crocodons
90,Tia Mayfair,32,2,19,L,R,Crafty,,C,1.3,13,98,73,48,24,0,0,0,,K Neglector,,TRUE,2024-01-01,SMB4 Crocodons,Crocodons
91,Lou DaBaziz,26,1,15,R,R,Spirited,,D+,1.5,8,22,39,29,43,0,0,0,,Falls Behind,,TRUE,2024-01-01,SMB4 Crocodons,Crocodons
92,Ricky McFarland,25,3,22,L,L,Spirited,,B+,0.9,20,36,66,97,31,0,0,0,,Specialist,,TRUE,2024-01-01,SMB4 Crocodons,Crocodons
93,Stockton Brickhouse,24,CF,OF,R,R,Scholarly,,B+,0.9,76,94,53,27,49,0,0,0,,Ace Exterminator,,TRUE,2024-01-01,SMB4 Freebooters,Freebooters
94,Oakley Stiffs,37,RF,OF,R,R,Scholarly,,B+,0.9,87,67,43,29,80,0,0,0,,CON vs RHP,Bad Ball Hitter,TRUE,2024-01-01,SMB4 Freebooters,Freebooters
95,Sturdy Woodman,38,1B,,L,L,Disciplined,,B-,1.1,63,83,38,39,38,0,0,0,,Durable,,TRUE,2024-01-01,SMB4 Freebooters,Freebooters
96,Gunns Jackman,32,SS,2B,R,R,Competitive,,A-,0.8,93,84,47,46,54,0,0,0,,RBI Hero,Consistent,TRUE,2024-01-01,SMB4 Freebooters,Freebooters
97,Patience Evergreen,27,LF,RF,L,R,Disciplined,,B-,1.1,54,79,54,52,45,0,0,0,,First Pitch Prayer,,TRUE,2024-01-01,SMB4 Freebooters,Freebooters
98,Pomp Duchee,21,1B,3B,R,R,Crafty,,B,1.0,81,42,87,54,65,0,0,0,,Base Jogger,Sign Stealer,TRUE,2024-01-01,SMB4 Freebooters,Freebooters
99,Walker Runs,20,2B,IF,R,R,Competitive,,B-,1.1,46,55,88,48,16,0,0,0,,Rally Starter,,TRUE,2024-01-01,SMB4 Freebooters,Freebooters
100,Jermaine Raines,29,C,1B,R,R,Competitive,,C+,1.2,41,69,16,79,53,0,0,0,,First Pitch Slayer,,TRUE,2024-01-01,SMB4 Freebooters,Freebooters
101,Kache Baskette,22,LF,OF,S,R,Competitive,,B-,1.1,41,50,58,53,72,0,0,0,,POW vs LHP,CON vs LHP,TRUE,2024-01-01,SMB4 Freebooters,Freebooters
102,Kenna Quorn,31,RF,C,R,R,Crafty,,C,1.3,52,26,65,92,68,0,0,0,,Sprinter,,TRUE,2024-01-01,SMB4 Freebooters,Freebooters
103,Landon Fare,28,2B,SS,R,R,Spirited,,C,1.3,44,42,49,67,55,0,0,0,,Pinch Perfect,,TRUE,2024-01-01,SMB4 Freebooters,Freebooters
104,Badhop Brown,26,3B,,R,R,Spirited,,C,1.3,57,83,20,12,34,0,0,0,,Butter Fingers,,TRUE,2024-01-01,SMB4 Freebooters,Freebooters
105,Rocky Backstop,29,C,3B,R,R,Spirited,,C,1.3,24,85,46,41,17,0,0,0,,,,TRUE,2024-01-01,SMB4 Freebooters,Freebooters
106,Name,Age,Pow,Con,Bat,Thr,Chem,,Ovr,1.0,Spd,Fld,Vel,Jnk,Acc,0,0,0,,Trait 1,Trait 2,TRUE,2024-01-01,SMB4 Freebooters,Freebooters
107,Winnie Noelle,31,21,27,R,R,Spirited,,A-,0.8,17,60,77,64,70,0,0,0,,Workhorse,,TRUE,2024-01-01,SMB4 Freebooters,Freebooters
108,Nic Diegez,25,5,16,L,L,Spirited,,A-,0.8,11,54,60,58,90,0,0,0,,Composed,,TRUE,2024-01-01,SMB4 Freebooters,Freebooters
109,Angel Verde,21,3,19,R,R,Disciplined,,B+,0.9,13,67,64,59,84,0,0,0,,,,TRUE,2024-01-01,SMB4 Freebooters,Freebooters
110,Lana Rhymes,31,50,5,R,R,Disciplined,,C,1.3,29,46,23,66,51,0,0,0,,Surrounded,,TRUE,2024-01-01,SMB4 Freebooters,Freebooters
111,Kent Rathswell,29,1,13,L,L,Crafty,,B-,1.1,37,16,35,60,74,0,0,0,,Metal Head,,TRUE,2024-01-01,SMB4 Freebooters,Freebooters
112,Steamboat Wisselle,28,2,12,R,R,Competitive,,A,0.7,33,32,86,79,62,0,0,0,,Gets Ahead,Elite 4F,TRUE,2024-01-01,SMB4 Freebooters,Freebooters
113,Grace Loopinovich,36,2,2,R,R,Spirited,,A-,0.8,32,50,65,72,68,0,0,0,,Specialist,Elite CF,TRUE,2024-01-01,SMB4 Freebooters,Freebooters
114,Ryder McPride,29,11,7,R,R,Spirited,,B,1.0,9,97,64,33,78,0,0,0,,Rally Stopper,Clutch,TRUE,2024-01-01,SMB4 Freebooters,Freebooters
115,Kay Frequin,31,8,2,R,L,Crafty,,S,0.5,32,34,99,84,97,0,0,0,,K Collector,Elite 2F,TRUE,2024-01-01,SMB4 Freebooters,Freebooters
116,Ali Finderre,38,3B,SS,L,R,Scholarly,,A-,0.8,60,92,66,61,72,0,0,0,,Cannon Arm,,TRUE,2024-01-01,SMB4 Grapplers,Grapplers
117,Devon Godsendez,23,1B,3B,L,R,Scholarly,,A-,0.8,92,95,51,30,40,0,0,0,,,,TRUE,2024-01-01,SMB4 Grapplers,Grapplers
118,Joven Bambino,27,RF,LF,L,R,Scholarly,,A-,0.8,94,60,76,71,80,0,0,0,,Bad Jumps,,TRUE,2024-01-01,SMB4 Grapplers,Grapplers
119,Kelby King,31,RF,LF,R,R,Crafty,,B,1.0,89,43,64,21,75,0,0,0,,Mind Gamer,,TRUE,2024-01-01,SMB4 Grapplers,Grapplers
120,Marco Demarco,36,CF,OF,L,L,Spirited,,B,1.0,71,37,86,67,66,0,0,0,,Whiffer,Big Hack,TRUE,2024-01-01,SMB4 Grapplers,Grapplers
121,Zoom Delacruz,28,2B,SS,R,R,Crafty,,B-,1.1,59,9,97,94,46,0,0,0,,Little Hack,,TRUE,2024-01-01,SMB4 Grapplers,Grapplers
122,Ian Fielder,31,3B,IF,R,R,Spirited,,B-,1.1,45,66,60,57,63,0,0,0,,Utility,,TRUE,2024-01-01,SMB4 Grapplers,Grapplers
123,Grizz Senioro,39,C,,L,R,Disciplined,,C,1.3,15,32,63,71,90,0,0,0,,Sign Stealer,,TRUE,2024-01-01,SMB4 Grapplers,Grapplers
124,Biff Noggins,21,LF,C,L,R,Competitive,,C+,1.2,61,42,55,37,73,0,0,0,,Distractor,,TRUE,2024-01-01,SMB4 Grapplers,Grapplers
125,Eduardo Electro,29,SS,2B,R,R,Spirited,,C+,1.2,60,8,81,76,78,0,0,0,,Fastball Hitter,,TRUE,2024-01-01,SMB4 Grapplers,Grapplers
126,Jefe Manzano,37,LF,OF,L,L,Scholarly,,C+,1.2,39,49,67,67,56,0,0,0,,Tough Out,,TRUE,2024-01-01,SMB4 Grapplers,Grapplers
127,Ben Kringer,27,1B,,R,R,Crafty,,C+,1.2,46,63,59,59,72,0,0,0,,Rally Starter,Slow Poke,TRUE,2024-01-01,SMB4 Grapplers,Grapplers
128,Marla Moore,27,C,1B,S,R,Spirited,,C,1.3,29,44,8,64,76,0,0,0,,Consistent,,TRUE,2024-01-01,SMB4 Grapplers,Grapplers
129,Name,Age,Pow,Con,Bat,Thr,Chem,,Ovr,1.0,Spd,Fld,Vel,Jnk,Acc,0,0,0,,Trait 1,Trait 2,TRUE,2024-01-01,SMB4 Grapplers,Grapplers
130,Ritonda Black,22,54,7,L,L,Scholarly,,A-,0.8,5,45,70,60,70,0,0,0,,K Collector,,TRUE,2024-01-01,SMB4 Grapplers,Grapplers
131,Perd Lovelorn,29,16,3,L,R,Scholarly,,B+,0.9,12,50,30,90,86,0,0,0,,Falls Behind,,TRUE,2024-01-01,SMB4 Grapplers,Grapplers
132,Hiro Misano,22,5,23,L,R,Disciplined,,C+,1.2,49,63,30,42,69,0,0,0,,Choker,,TRUE,2024-01-01,SMB4 Grapplers,Grapplers
133,Bertram Haftberger III,29,14,18,R,R,Crafty,,C-,1.4,35,58,18,54,29,0,0,0,,Pick Officer,,TRUE,2024-01-01,SMB4 Grapplers,Grapplers
134,Lola Nopps,24,14,51,L,L,Scholarly,,C+,1.2,18,68,71,27,55,0,0,0,,,,TRUE,2024-01-01,SMB4 Grapplers,Grapplers
135,Mack Gunn,29,11,7,R,R,Disciplined,,A+,0.6,17,79,98,68,75,0,0,0,,Gets Ahead,Elite CF,TRUE,2024-01-01,SMB4 Grapplers,Grapplers
136,Rallie Overro,32,53,8,R,R,Competitive,,A+,0.6,23,69,85,77,98,0,0,0,,Rally Stopper,,TRUE,2024-01-01,SMB4 Grapplers,Grapplers
137,Tucker Turlington,37,12,8,L,L,Spirited,,B+,0.9,7,40,53,85,51,0,0,0,,Elite FK,Clutch,TRUE,2024-01-01,SMB4 Grapplers,Grapplers
138,Meggy Meggles,29,6,1,L,R,Disciplined,,C,1.3,72,61,37,63,38,0,0,0,,,,TRUE,2024-01-01,SMB4 Grapplers,Grapplers
139,Raise Ruffo,29,CF,OF,L,L,Competitive,,A,0.7,49,89,78,84,79,0,0,0,,High Pitch,Rally Starter,TRUE,2024-01-01,SMB4 Heaters,Heaters
140,Slapper Glute,31,LF,C,S,R,Spirited,,A-,0.8,54,90,68,41,85,0,0,0,,Little Hack,,TRUE,2024-01-01,SMB4 Heaters,Heaters
141,Theodore Stiffner,25,3B,SS,R,R,Competitive,,B,1.0,87,39,94,37,45,0,0,0,,Butter Fingers,,TRUE,2024-01-01,SMB4 Heaters,Heaters
142,Mantonio Laevo,32,1B,LF,S,R,Competitive,,B,1.0,83,67,39,21,45,0,0,0,,,,TRUE,2024-01-01,SMB4 Heaters,Heaters
143,Carlton Starr,22,SS,2B,L,R,Competitive,,A-,0.8,42,84,71,85,73,0,0,0,,First Pitch Slayer,,TRUE,2024-01-01,SMB4 Heaters,Heaters
144,Hank Hart,37,C,,L,R,Spirited,,B,1.0,36,84,54,74,88,0,0,0,,First Pitch Prayer,,TRUE,2024-01-01,SMB4 Heaters,Heaters
145,Dion Bass,31,2B,SS,R,R,Crafty,,B-,1.1,33,73,82,71,75,0,0,0,,RBI Zero,Base Rounder,TRUE,2024-01-01,SMB4 Heaters,Heaters
146,Volt Bolter,38,CF,1B/OF,S,R,Scholarly,,B-,1.1,24,45,96,63,79,0,0,0,,,,TRUE,2024-01-01,SMB4 Heaters,Heaters
147,Maggie Rags,28,2B,IF/OF,S,R,Scholarly,,C+,1.2,26,17,67,92,98,0,0,0,,Utility,,TRUE,2024-01-01,SMB4 Heaters,Heaters
148,Kimme Smoke,25,C,1B,L,R,Competitive,,B,1.0,53,54,78,68,50,0,0,0,,Volatile,,TRUE,2024-01-01,SMB4 Heaters,Heaters
149,Bubbles Garcia,26,LF,RF,L,L,Crafty,,C+,1.2,78,47,37,47,45,0,0,0,,East Target,,TRUE,2024-01-01,SMB4 Heaters,Heaters
150,Buscha Digman,31,SS,3B,R,R,Crafty,,C+,1.2,75,17,49,77,74,0,0,0,,CON vs LHP,,TRUE,2024-01-01,SMB4 Heaters,Heaters
151,Murky Nubswubbles,28,RF,,L,L,Scholarly,,C+,1.2,57,29,64,15,65,0,0,0,,Sign Stealer,,TRUE,2024-01-01,SMB4 Heaters,Heaters
152,Name,Age,Pow,Con,Bat,Thr,Chem,,Ovr,1.0,Spd,Fld,Vel,Jnk,Acc,0,0,0,,Trait 1,Trait 2,TRUE,2024-01-01,SMB4 Heaters,Heaters
153,Elmo Slayer,23,16,0,L,L,Crafty,,S,0.5,7,79,72,94,95,0,0,0,,K Collector,,TRUE,2024-01-01,SMB4 Heaters,Heaters
154,Bishop Fuller,37,5,47,L,L,Crafty,,A,0.7,54,52,75,83,72,0,0,0,,Elite 2F,,TRUE,2024-01-01,SMB4 Heaters,Heaters
155,Air Lovestone,36,5,11,R,R,Spirited,,B-,1.1,34,44,39,42,72,0,0,0,,Elite FK,Workhorse,TRUE,2024-01-01,SMB4 Heaters,Heaters
156,Pan Knibbles,26,16,7,R,R,Disciplined,,C-,1.4,6,47,40,19,58,0,0,0,,,,TRUE,2024-01-01,SMB4 Heaters,Heaters
157,Boris Biggsworth,26,7,5,R,R,Crafty,,C-,1.4,0,77,52,35,34,0,0,0,,Consistent,,TRUE,2024-01-01,SMB4 Heaters,Heaters
158,Derr Neverwocker,21,5,15,R,R,Crafty,,A+,0.6,54,71,90,87,73,0,0,0,,Composed,,TRUE,2024-01-01,SMB4 Heaters,Heaters
159,Splash Cashmore,37,18,2,L,R,Spirited,,B-,1.1,50,52,74,13,67,0,0,0,,Reverse Splits,,TRUE,2024-01-01,SMB4 Heaters,Heaters
160,Huck Enduck,23,69,8,L,R,Competitive,,C-,1.4,20,8,43,35,42,0,0,0,,Wild Thing,,TRUE,2024-01-01,SMB4 Heaters,Heaters
161,Simba Delano,26,12,12,R,R,Disciplined,,C-,1.4,53,24,58,32,29,0,0,0,,Rally Stopper,,TRUE,2024-01-01,SMB4 Heaters,Heaters
162,Morton Stanberg,28,LF,OF,L,L,Spirited,,A-,0.8,60,64,86,72,85,0,0,0,,High Pitch,Cannon Arm,TRUE,2024-01-01,SMB4 Herbisaurs,Herbisaurs
163,Henry Hampster,30,3B,1B,R,R,Crafty,,B+,0.9,62,64,88,80,86,0,0,0,,Big Hack,,TRUE,2024-01-01,SMB4 Herbisaurs,Herbisaurs
164,Grunt Manly,32,1B,3B,L,R,Competitive,,B+,0.9,59,77,66,69,69,0,0,0,,RBI Hero,,TRUE,2024-01-01,SMB4 Herbisaurs,Herbisaurs
165,Juan Rojas,31,RF,C,R,R,Spirited,,B,1.0,60,57,71,84,87,0,0,0,,Magic Hands,,TRUE,2024-01-01,SMB4 Herbisaurs,Herbisaurs
166,Milo Stewart,29,SS,2B,R,R,Competitive,,B,1.0,26,68,73,97,96,0,0,0,,Rally Starter,,TRUE,2024-01-01,SMB4 Herbisaurs,Herbisaurs
167,Yoink Sax,27,CF,1B/OF,R,R,Disciplined,,B,1.0,50,39,91,89,95,0,0,0,,Stealer,,TRUE,2024-01-01,SMB4 Herbisaurs,Herbisaurs
168,Annabella Stokes,22,2B,SS,R,R,Competitive,,B,1.0,22,70,92,98,66,0,0,0,,Dive Wizard,,TRUE,2024-01-01,SMB4 Herbisaurs,Herbisaurs
169,Fiona Clark,24,C,,R,R,Scholarly,,B-,1.1,41,25,54,82,99,0,0,0,,POW vs LHP,,TRUE,2024-01-01,SMB4 Herbisaurs,Herbisaurs
170,Ralph Blue,31,SS,IF/OF,R,R,Disciplined,,B-,1.1,77,54,42,60,60,0,0,0,,RBI Zero,Little Hack,TRUE,2024-01-01,SMB4 Herbisaurs,Herbisaurs
171,Stevo Reeves,29,LF,1B,R,R,Spirited,,C+,1.2,12,88,74,56,65,0,0,0,,Pinch Perfect,,TRUE,2024-01-01,SMB4 Herbisaurs,Herbisaurs
172,Chilli Little,21,RF,OF,L,L,Competitive,,C+,1.2,73,29,47,49,69,0,0,0,,Mind Gamer,,TRUE,2024-01-01,SMB4 Herbisaurs,Herbisaurs
173,Nate Hanky,31,C,1B,L,R,Crafty,,C+,1.2,49,64,34,38,54,0,0,0,,Sign Stealer,,TRUE,2024-01-01,SMB4 Herbisaurs,Herbisaurs
174,Whopper Batsman,23,2B,,R,R,Disciplined,,C,1.3,81,15,50,49,37,0,0,0,,Tough Out,,TRUE,2024-01-01,SMB4 Herbisaurs,Herbisaurs
175,Name,Age,Pow,Con,Bat,Thr,Chem,,Ovr,1.0,Spd,Fld,Vel,Jnk,Acc,0,0,0,,Trait 1,Trait 2,TRUE,2024-01-01,SMB4 Herbisaurs,Herbisaurs
176,Gem Qualita,32,19,74,R,R,Scholarly,,A-,0.8,33,94,72,57,78,0,0,0,,Composed,Easy Jumps,TRUE,2024-01-01,SMB4 Herbisaurs,Herbisaurs
177,Dick Lukas,21,6,34,R,R,Spirited,,B+,0.9,63,73,46,73,66,0,0,0,,Gets Ahead,,TRUE,2024-01-01,SMB4 Herbisaurs,Herbisaurs
178,Olaff Slakov,36,33,4,L,R,Disciplined,,B,1.0,13,62,83,20,72,0,0,0,,Elite 4F,Volatile,TRUE,2024-01-01,SMB4 Herbisaurs,Herbisaurs
179,Tussker Fuss,29,11,34,R,R,Disciplined,,B,1.0,52,38,68,44,75,0,0,0,,Meltdown,,TRUE,2024-01-01,SMB4 Herbisaurs,Herbisaurs
180,Sal Slinger,28,65,14,L,L,Disciplined,,A-,0.8,38,75,75,46,95,0,0,0,,,,TRUE,2024-01-01,SMB4 Herbisaurs,Herbisaurs
181,Chuck Filthwick,31,2,5,R,R,Competitve,,A,0.7,25,73,63,96,79,0,0,0,,,,TRUE,2024-01-01,SMB4 Herbisaurs,Herbisaurs
182,Leonar Ramiro,37,4,24,R,R,Competitve,,C+,1.2,93,95,72,35,30,0,0,0,,Surrounded,,TRUE,2024-01-01,SMB4 Herbisaurs,Herbisaurs
183,Omar Chombo,19,5,5,R,R,Competitve,,D+,1.5,25,46,63,25,21,0,0,0,,Choker,,TRUE,2024-01-01,SMB4 Herbisaurs,Herbisaurs
184,Elrick Rippin,38,13,3,L,R,Scholarly,,C-,1.4,6,50,82,8,36,0,0,0,,K Neglector,Rally Stopper,TRUE,2024-01-01,SMB4 Herbisaurs,Herbisaurs
185,Stan Elyve,29,LF,C,R,R,Spirited,,B+,0.9,84,81,68,18,25,0,0,0,,Tough Out,,TRUE,2024-01-01,SMB4 Hot Corners,Hot Corners
186,Beau Belter,29,CF,OF,R,R,Scholarly,,A-,0.8,95,80,76,31,20,0,0,0,,Fastball Hitter,,TRUE,2024-01-01,SMB4 Hot Corners,Hot Corners
187,Nora Homes,31,SS,IF/OF,R,R,Disciplined,,B+,0.9,77,95,50,34,48,0,0,0,,Sprinter,,TRUE,2024-01-01,SMB4 Hot Corners,Hot Corners
188,Jeb Jumps,21,2B,,L,R,Spirited,,B+,0.9,85,92,62,34,12,0,0,0,,Whiffer,Stealer,TRUE,2024-01-01,SMB4 Hot Corners,Hot Corners
189,Bobby Bashe,24,3B,IF,R,R,Spirited,,B+,0.9,95,80,76,31,20,0,0,0,,Off-Speed Hitter,Wild Thrower,TRUE,2024-01-01,SMB4 Hot Corners,Hot Corners
190,Dirk Sportswood,31,1B,,R,R,Spirited,,B,1.0,70,89,39,64,68,0,0,0,,Butter Fingers,Stimulated,TRUE,2024-01-01,SMB4 Hot Corners,Hot Corners
191,Geronimo James,29,CF,OF,L,L,Disciplined,,B,1.0,18,74,76,97,80,0,0,0,,Con vs RHP,,TRUE,2024-01-01,SMB4 Hot Corners,Hot Corners
192,Tiny deGrande,25,C,,R,R,Competitive,,B-,1.1,84,46,39,32,68,0,0,0,,Rally Starter,,TRUE,2024-01-01,SMB4 Hot Corners,Hot Corners
193,Stu Berko,35,1B,,R,L,Scholarly,,B-,1.1,64,92,34,32,46,0,0,0,,First Pitch Slayer,,TRUE,2024-01-01,SMB4 Hot Corners,Hot Corners
194,Randy Mann,27,2B,SS,L,R,Crafty,,B-,1.1,70,65,46,20,54,0,0,0,,Little Hack,,TRUE,2024-01-01,SMB4 Hot Corners,Hot Corners
195,Nori Miyoshi,30,LF,OF,R,L,Crafty,,B-,1.1,54,61,59,91,23,0,0,0,,Con vs LHP,,TRUE,2024-01-01,SMB4 Hot Corners,Hot Corners
196,Seymour Scoks,32,RF,OF,R,R,Crafty,,C+,1.2,7,58,85,62,94,0,0,0,,Base Rounder,Bunter,TRUE,2024-01-01,SMB4 Hot Corners,Hot Corners
197,Lars Stadkeleef,32,C,1B,R,R,Competitive,,D+,1.5,37,34,6,74,60,0,0,0,,,,TRUE,2024-01-01,SMB4 Hot Corners,Hot Corners
198,Name,Age,Pow,Con,Bat,Thr,Chem,,Ovr,1.0,Spd,Fld,Vel,Jnk,Acc,0,0,0,,Trait 1,Trait 2,TRUE,2024-01-01,SMB4 Hot Corners,Hot Corners
199,Noah Kaiser,22,28,40,R,R,Disciplined,,A-,0.8,33,24,62,67,85,0,0,0,,Injury Prone,,TRUE,2024-01-01,SMB4 Hot Corners,Hot Corners
200,Dot Dacornas,29,27,11,R,R,Disciplined,,B+,0.9,23,37,62,67,85,0,0,0,,Gets Ahead,,TRUE,2024-01-01,SMB4 Hot Corners,Hot Corners
201,Yolanda Cooper,21,7,34,R,L,Competitive,,B+,0.9,19,50,74,49,92,0,0,0,,Falls Behind,,TRUE,2024-01-01,SMB4 Hot Corners,Hot Corners
202,Terrok Smith,19,11,13,R,R,Disciplined,,C,1.3,28,48,43,25,62,0,0,0,,Elite 4F,,TRUE,2024-01-01,SMB4 Hot Corners,Hot Corners
203,Rachel Rhubarb,30,11,1,L,L,Disciplined,,C+,1.2,19,33,70,22,65,0,0,0,,,,TRUE,2024-01-01,SMB4 Hot Corners,Hot Corners
204,Joseph Broseph,37,1,9,L,L,Crafty,,B+,0.9,43,20,88,66,58,0,0,0,,Composed,,TRUE,2024-01-01,SMB4 Hot Corners,Hot Corners
205,Amazo Haze,21,46,4,R,R,Scholarly,,B+,0.9,13,11,38,97,56,0,0,0,,Reverse Splits,,TRUE,2024-01-01,SMB4 Hot Corners,Hot Corners
206,Grump Everbright,38,8,16,L,L,Scholarly,,B-,1.1,14,75,39,66,52,0,0,0,,Elite SB,,TRUE,2024-01-01,SMB4 Hot Corners,Hot Corners
207,Sirloin Jones,37,17,5,R,R,Competitive,,B+,0.9,48,29,87,61,59,0,0,0,,Crossed Up,,TRUE,2024-01-01,SMB4 Hot Corners,Hot Corners
208,Jack Cracker,28,LF,1B/OF,L,R,Scholarly,,B+,0.9,81,94,33,50,66,0,0,0,,,,TRUE,2024-01-01,SMB4 Jacks,Jacks
209,Huffly Buffler,25,2B,SS,R,R,Crafty,,B+,0.9,91,90,28,75,58,0,0,0,,Slow Poke,Noodle Arm,TRUE,2024-01-01,SMB4 Jacks,Jacks
210,Juice Jackson,22,3B,SS,R,R,Spirited,,A,0.7,95,88,43,68,70,0,0,0,,Off-Speed Hitter,Stimulated,TRUE,2024-01-01,SMB4 Jacks,Jacks
211,Log Freely,29,LF,OF,R,R,Crafty,,B,1.0,77,66,49,57,71,0,0,0,,Inside Pitch,,TRUE,2024-01-01,SMB4 Jacks,Jacks
212,Razi Dazzler,27,CF,OF,R,R,Spirited,,B+,0.9,83,62,63,93,49,0,0,0,,Tough Out,,TRUE,2024-01-01,SMB4 Jacks,Jacks
213,Rob Glover,21,SS,IF,R,R,Crafty,,B-,1.1,10,78,83,83,54,0,0,0,,Magic Hands,,TRUE,2024-01-01,SMB4 Jacks,Jacks
214,Downtown Upton,37,1B,C,L,R,Disciplined,,B-,1.1,65,67,48,50,31,0,0,0,,CON vs RHP,,TRUE,2024-01-01,SMB4 Jacks,Jacks
215,Tuff Lift,31,C,1B,R,R,Crafty,,B,1.0,74,67,8,97,70,0,0,0,,,,TRUE,2024-01-01,SMB4 Jacks,Jacks
216,Yoyo Yamamoto,29,3B,1B,R,R,Disciplined,,B,1.0,50,86,34,66,86,0,0,0,,Ace Exterminator,,TRUE,2024-01-01,SMB4 Jacks,Jacks
217,Betty Sparks,27,RF,,R,R,Scholarly,,C+,1.2,97,26,37,21,64,0,0,0,,,,TRUE,2024-01-01,SMB4 Jacks,Jacks
218,Bruno Adamo,31,2B,SS,R,R,Scholarly,,B-,1.1,16,89,87,41,54,0,0,0,,Distractor,,TRUE,2024-01-01,SMB4 Jacks,Jacks
219,Batch Wilson,38,CF,OF,L,L,Spirted,,B,1.0,39,75,52,77,71,0,0,0,,Bad Ball Hitter,,TRUE,2024-01-01,SMB4 Jacks,Jacks
220,Clutch Cormen,37,C,,L,R,Scholarly,,B,1.0,44,89,49,10,66,0,0,0,,Clutch,,TRUE,2024-01-01,SMB4 Jacks,Jacks
221,Name,Age,Pow,Con,Bat,Thr,Chem,,Ovr,1.0,Spd,Fld,Vel,Jnk,Acc,0,0,0,,Trait 1,Trait 2,TRUE,2024-01-01,SMB4 Jacks,Jacks
222,Donk Oh,20,29,48,R,L,Scholarly,,B+,0.9,5,63,54,57,95,0,0,0,,Metal Head,,TRUE,2024-01-01,SMB4 Jacks,Jacks
223,Alberto Roberto,37,11,18,L,R,Crafty,,B-,1.1,20,43,16,72,64,0,0,0,,Elite FK,,TRUE,2024-01-01,SMB4 Jacks,Jacks
224,Barry Ozone,24,30,5,L,R,Scholarly,,C+,1.2,18,59,27,71,34,0,0,0,,Elite SB,,TRUE,2024-01-01,SMB4 Jacks,Jacks
225,Bella Mietballe,32,39,64,L,L,Competitive,,C,1.3,11,93,14,25,34,0,0,0,,Meltdown,,TRUE,2024-01-01,SMB4 Jacks,Jacks
226,Stitch Gripowski,23,13,42,S,L,Competitve,,B+,0.9,16,47,46,67,83,0,0,0,,Surrounded,Elite CF,TRUE,2024-01-01,SMB4 Jacks,Jacks
227,Immaculo Spectaculo,25,2,12,R,R,Spirited,,A+,0.6,11,56,84,95,79,0,0,0,,Crossed Up,,TRUE,2024-01-01,SMB4 Jacks,Jacks
228,Ellain Munstar,23,15,5,L,R,Spirited,,B+,0.9,11,35,90,39,73,0,0,0,,,,TRUE,2024-01-01,SMB4 Jacks,Jacks
229,Kisha Musharra,26,12,12,R,R,Spirited,,C-,1.4,41,58,68,13,32,0,0,0,,Elite CH,,TRUE,2024-01-01,SMB4 Jacks,Jacks
230,Chico Lapada,31,8,17,L,R,Scholarly,,A-,0.8,24,71,79,96,62,0,0,0,,BB Prone,Easy Jumps,TRUE,2024-01-01,SMB4 Jacks,Jacks
231,Herbert Hackman,28,3B,2B,R,R,Competitive,,B-,1.1,84,68,39,26,55,0,0,0,,Big Hack,,TRUE,2024-01-01,SMB4 Moonstars,Moonstars
232,Nance Tools,29,SS,OF,R,R,Disciplined,,A-,0.8,86,75,69,87,48,0,0,0,,Stealer,Utility,TRUE,2024-01-01,SMB4 Moonstars,Moonstars
233,Testy Osteroni,30,1B,2B,L,R,Scholarly,,B+,0.9,91,55,65,31,80,0,0,0,,Injury Prone,,TRUE,2024-01-01,SMB4 Moonstars,Moonstars
234,Gustav Gustavson,38,LF,OF,R,R,Crafty,,B-,1.1,83,57,27,30,45,0,0,0,,RBI Zero,Fastball Hitter,TRUE,2024-01-01,SMB4 Moonstars,Moonstars
235,Boo Louis,31,C,LF,R,R,Disciplined,,B,1.0,47,68,46,86,81,0,0,0,,Rally Starter,,TRUE,2024-01-01,SMB4 Moonstars,Moonstars
236,Windy Wheels,32,CF,OF,L,L,Disciplined,,B,1.0,47,58,94,63,46,0,0,0,,Easy Target,Sprinter,TRUE,2024-01-01,SMB4 Moonstars,Moonstars
237,Lacky Luster,29,RF,C,R,R,Scholarly,,C+,1.2,49,57,71,44,66,0,0,0,,Bad Jumps,Slowpoke,TRUE,2024-01-01,SMB4 Moonstars,Moonstars
238,Pepe Vinicio,22,2B,3B,R,R,Competitive,,C+,1.2,27,61,82,74,32,0,0,0,,Bad Ball Hitter,,TRUE,2024-01-01,SMB4 Moonstars,Moonstars
239,Rusty Bustum,19,1B,,R,R,Crafty,,C+,1.2,63,79,29,26,21,0,0,0,,,,TRUE,2024-01-01,SMB4 Moonstars,Moonstars
240,Elija Gobbleson,20,SS,IF,L,R,Spirited,,C,1.3,41,45,29,64,72,0,0,0,,,,TRUE,2024-01-01,SMB4 Moonstars,Moonstars
241,Raffy Slaps,29,3B,1B,R,R,Scholarly,,C,1.3,54,40,51,52,54,0,0,0,,Sign Stealer,,TRUE,2024-01-01,SMB4 Moonstars,Moonstars
242,Clubber Buff,36,C,,R,R,Crafty,,C+,1.2,75,45,42,29,63,0,0,0,,Little Hack,,TRUE,2024-01-01,SMB4 Moonstars,Moonstars
243,Clyde Oliver,35,LF,OF,R,R,Competitive,,C,1.3,37,65,34,64,35,0,0,0,,Pinch Perfect,,TRUE,2024-01-01,SMB4 Moonstars,Moonstars
244,Dale Nale,37,RF,LF,L,L,Spirited,,C+,1.2,57,68,18,50,63,0,0,0,,Ace Exterminator,,TRUE,2024-01-01,SMB4 Moonstars,Moonstars
245,Name,Age,Pow,Con,Bat,Thr,Chem,,Ovr,1.0,Spd,Fld,Vel,Jnk,Acc,0,0,0,,Trait 1,Trait 2,TRUE,2024-01-01,SMB4 Moonstars,Moonstars
246,Alisha Woodrow,25,30,4,R,R,Competitive,,S,0.5,23,64,87,77,99,0,0,0,,Gets Ahead,,TRUE,2024-01-01,SMB4 Moonstars,Moonstars
247,Slip Sauder,27,3,11,R,L,Disciplined,,A+,0.6,39,43,82,88,87,0,0,0,,,,TRUE,2024-01-01,SMB4 Moonstars,Moonstars
248,Vern Turnburner,26,44,4,L,L,Disciplined,,B+,0.9,38,66,94,60,44,0,0,0,,Elite CH,,TRUE,2024-01-01,SMB4 Moonstars,Moonstars
249,Durn Wonderfloss,38,18,11,L,L,Disciplined,,B-,1.1,2,89,54,72,39,0,0,0,,Crossed Up,,TRUE,2024-01-01,SMB4 Moonstars,Moonstars
250,Deft Weddums,29,11,14,R,R,Spirited,,B-,1.1,4,58,44,47,69,0,0,0,,Elite CB,Metal Head,TRUE,2024-01-01,SMB4 Moonstars,Moonstars
251,Bert Bergerer,31,15,1,R,R,Crafty,,B+,0.9,10,21,85,72,55,0,0,0,,Reverse Splits,,TRUE,2024-01-01,SMB4 Moonstars,Moonstars
252,Taylor McWhales,29,3,13,R,R,Disciplined,,B+,0.9,16,48,99,51,62,0,0,0,,Rally Stopper,Durable,TRUE,2024-01-01,SMB4 Moonstars,Moonstars
253,Lil Bupton,33,9,1,L,L,Disciplined,,B+,0.9,3,26,54,96,64,0,0,0,,K Collector,Elite SL,TRUE,2024-01-01,SMB4 Moonstars,Moonstars
254,Heroniumus Jackson,31,CF,OF,R,L,Spirited,,B+,0.9,89,59,62,60,49,0,0,0,,Outside Pitch,,TRUE,2024-01-01,SMB4 Moose,Moose
255,Rip Dingers,25,3B,SS,R,R,Disciplined,,B,1.0,97,50,40,42,90,0,0,0,,POW vs LHP,Low Pitch,TRUE,2024-01-01,SMB4 Moose,Moose
256,Perry Quaker,31,1B,,R,R,Crafty,,B-,1.1,88,60,40,31,44,0,0,0,,Clitch,,TRUE,2024-01-01,SMB4 Moose,Moose
257,Irene Fast,38,RF,C,R,R,Competitive,,B,1.0,84,43,93,48,66,0,0,0,,First Pitch Prayer,Base Rounder,TRUE,2024-01-01,SMB4 Moose,Moose
258,Nacho Crisp,27,SS,2B,L,R,Crafty,,B,1.0,70,53,61,69,69,0,0,0,,Distractor,,TRUE,2024-01-01,SMB4 Moose,Moose
259,Buck Swiner,25,LF,RF,L,R,Competitive,,B-,1.1,74,40,66,81,71,0,0,0,,Volatile,,TRUE,2024-01-01,SMB4 Moose,Moose
260,Fred Bobbit,31,2B,SS,L,R,Spirited,,B,1.0,52,86,38,51,41,0,0,0,,Sprinter,,TRUE,2024-01-01,SMB4 Moose,Moose
261,Roman Rhoades,31,C,1B,S,R,Disciplined,,B-,1.1,64,27,35,72,61,0,0,0,,Tough Out,,TRUE,2024-01-01,SMB4 Moose,Moose
262,Stallion Johnson,21,LF,OF,L,L,Disciplined,,B,1.0,50,55,87,32,44,0,0,0,,Off-Speed Hitter,,TRUE,2024-01-01,SMB4 Moose,Moose
263,Pedro Nixon,28,C,RF,S,R,Competitive,,B-,1.1,83,54,14,33,52,0,0,0,,,,TRUE,2024-01-01,SMB4 Moose,Moose
264,Hose Tremendo,29,RF,OF,L,L,Spirited,,B,1.0,61,53,64,85,98,0,0,0,,Cannon Arm,,TRUE,2024-01-01,SMB4 Moose,Moose
265,Lionel Martinez,34,1B,LF,R,R,Competitive,,C,1.3,56,45,31,91,40,0,0,0,,Pinch Perfect,,TRUE,2024-01-01,SMB4 Moose,Moose
266,Wiggles Freeman,28,SS,3B,L,R,Crafty,,C,1.3,33,61,45,50,56,0,0,0,,,,TRUE,2024-01-01,SMB4 Moose,Moose
267,Name,Age,Pow,Con,Bat,Thr,Chem,,Ovr,1.0,Spd,Fld,Vel,Jnk,Acc,0,0,0,,Trait 1,Trait 2,TRUE,2024-01-01,SMB4 Moose,Moose
268,Rhiannon Cannon,32,29,39,L,R,Crafty,,A-,0.8,19,65,83,49,70,0,0,0,,Elite 4F,,TRUE,2024-01-01,SMB4 Moose,Moose
269,Joeffrey Rockman,37,6,3,L,L,Disciplined,,B+,0.9,10,65,72,32,95,0,0,0,,,,TRUE,2024-01-01,SMB4 Moose,Moose
270,Sancha Silvio,21,7,3,R,R,Scholarly,,B,1.0,9,6,68,42,89,0,0,0,,Wild Thing,,TRUE,2024-01-01,SMB4 Moose,Moose
271,Raul Strikes,28,42,10,R,R,Scholarly,,B,1.0,9,65,38,64,71,0,0,0,,Gets Ahead,,TRUE,2024-01-01,SMB4 Moose,Moose
272,Swirly Cutstiff,21,18,44,L,L,Scholarly,,B,1.0,37,57,67,83,35,0,0,0,,Elite CF,Choker,TRUE,2024-01-01,SMB4 Moose,Moose
273,Felix Farmhand,19,30,7,L,R,Spirited,,C-,1.4,29,40,26,28,59,0,0,0,,,,TRUE,2024-01-01,SMB4 Moose,Moose
274,Charlie Best,31,3,13,L,L,Competitive,,A+,0.6,5,82,74,93,86,0,0,0,,Elite CB,,TRUE,2024-01-01,SMB4 Moose,Moose
275,Carla Tolbert,29,4,2,R,R,Scholarly,,B-,1.1,8,43,65,76,43,0,0,0,,K Neglecter,,TRUE,2024-01-01,SMB4 Moose,Moose
276,Klaus D'Gayme,30,28,7,R,R,Spirited,,B+,0.9,15,42,75,84,56,0,0,0,,Rally Stopper,,TRUE,2024-01-01,SMB4 Moose,Moose
277,Jackie Slam,31,CF,OF,L,R,Disciplined,,A+,0.6,81,98,68,84,65,0,0,0,,RBI Hero,Ace Exterminator,TRUE,2024-01-01,SMB4 Nemesis,Nemesis
278,Jock Sports,29,SS,2B,L,R,Disciplined,,A+,0.6,89,98,57,93,71,0,0,0,,Cannon Arm,,TRUE,2024-01-01,SMB4 Nemesis,Nemesis
279,Javier Hautier,21,2B,SS,L,R,Competitive,,B+,0.9,93,66,41,65,47,0,0,0,,Whiffer,,TRUE,2024-01-01,SMB4 Nemesis,Nemesis
280,Hito Moonshota,28,3B,1B,R,R,Crafty,,A-,0.8,98,68,30,88,93,0,0,0,,High Pitch,,TRUE,2024-01-01,SMB4 Nemesis,Nemesis
281,Mash Taters,23,1B,,L,L,Crafty,,B+,0.9,95,74,27,65,75,0,0,0,,,,TRUE,2024-01-01,SMB4 Nemesis,Nemesis
282,Javy Yatter,29,RF,LF,S,L,Competitive,,A-,0.8,81,81,35,89,81,0,0,0,,RBI Zero,Outside Pitch,TRUE,2024-01-01,SMB4 Nemesis,Nemesis
283,Stacy Staples,37,C,1B,S,R,Disciplined,,B+,0.9,70,70,22,74,69,0,0,0,,Slow Poke,,TRUE,2024-01-01,SMB4 Nemesis,Nemesis
284,Brine Pickleford,31,LF,RF,R,R,Crafty,,B-,1.1,69,54,70,63,34,0,0,0,,Mind Gamer,,TRUE,2024-01-01,SMB4 Nemesis,Nemesis
285,Churl Dangerfield,22,CF,1B/OF,L,L,Scholarly,,B-,1.1,54,40,65,78,95,0,0,0,,Dive Wizard,,TRUE,2024-01-01,SMB4 Nemesis,Nemesis
286,Amy Zoner,27,SS,3B,S,R,Crafty,,B-,1.1,28,58,57,65,68,0,0,0,,CON vs LHP,Inside Pitch,TRUE,2024-01-01,SMB4 Nemesis,Nemesis
287,Flash Leathar,28,2B,IF,R,R,Scholarly,,C+,1.2,51,22,64,95,80,0,0,0,,Magic Hands,,TRUE,2024-01-01,SMB4 Nemesis,Nemesis
288,Gabby Ganez,31,RF,C,R,R,Scholarly,,C+,1.2,50,63,74,49,29,0,0,0,,Durable,,TRUE,2024-01-01,SMB4 Nemesis,Nemesis
289,Mimori Aoshima,25,C,3B,L,R,Scholarly,,B-,1.1,73,43,37,27,90,0,0,0,,,,TRUE,2024-01-01,SMB4 Nemesis,Nemesis
290,Name,Age,Pow,Con,Bat,Thr,Chem,,Ovr,1.0,Spd,Fld,Vel,Jnk,Acc,0,0,0,,Trait 1,Trait 2,TRUE,2024-01-01,SMB4 Nemesis,Nemesis
291,Ansel Carouse,25,32,11,L,L,Disciplined,,A-,0.8,28,71,65,60,70,0,0,0,,Workhorse,,TRUE,2024-01-01,SMB4 Nemesis,Nemesis
292,Heidi Mabettes,38,20,6,R,R,Scholarly,,B+,0.9,30,45,47,51,86,0,0,0,,Elite SL,,TRUE,2024-01-01,SMB4 Nemesis,Nemesis
293,Mark Harbourmouth,34,77,17,R,R,Scholarly,,B-,1.1,8,82,50,40,57,0,0,0,,Elite CF,,TRUE,2024-01-01,SMB4 Nemesis,Nemesis
294,Deuce Stacker,27,22,22,R,R,Scholarly,,C,1.3,12,42,22,72,22,0,0,0,,Elite CB,,TRUE,2024-01-01,SMB4 Nemesis,Nemesis
295,Jacob Marshmallow,24,1,5,R,R,Scholarly,,C,1.3,20,72,37,36,54,0,0,0,,,,TRUE,2024-01-01,SMB4 Nemesis,Nemesis
296,Binky Stevens,37,3,2,R,R,Spirited,,B-,1.1,18,13,65,34,81,0,0,0,,Falls Behind,,TRUE,2024-01-01,SMB4 Nemesis,Nemesis
297,Lucy Finnegans,28,25,28,L,R,Competitive,,C+,1.2,43,60,53,69,29,0,0,0,,Elite 2F,,TRUE,2024-01-01,SMB4 Nemesis,Nemesis
298,Babette Walkman,26,33,1,R,R,Crafty,,C-,1.4,34,70,49,51,17,0,0,0,,BB Prone,,TRUE,2024-01-01,SMB4 Nemesis,Nemesis
299,Lawrence Wimple,19,19,1,L,L,Spirited,,B-,1.1,14,96,68,50,39,0,0,0,,Gets Ahead,,TRUE,2024-01-01,SMB4 Nemesis,Nemesis
300,Guy Gold,29,LF,C,L,R,Competitive,,B,1.0,62,92,51,25,44,0,0,0,,,,TRUE,2024-01-01,SMB4 Overdogs,Overdogs
301,Sakda Song,25,1B,RF,R,R,Disciplined,,S,0.5,80,93,90,82,57,0,0,0,,POW vs PHP,Off-Speed Hitter,TRUE,2024-01-01,SMB4 Overdogs,Overdogs
302,Kasha Emyn,35,SS,2B,R,R,Competitive,,B+,0.9,64,77,86,67,44,0,0,0,,RBI Hero,,TRUE,2024-01-01,SMB4 Overdogs,Overdogs
303,Rhonda Horne,31,3B,1B,L,R,Scholarly,,A-,0.8,94,69,83,46,45,0,0,0,,Whiffer,,TRUE,2024-01-01,SMB4 Overdogs,Overdogs
304,Anton Goodwood,31,C,1B,S,R,Disciplined,,B+,0.9,69,64,79,43,63,0,0,0,,Slow Poke,,TRUE,2024-01-01,SMB4 Overdogs,Overdogs
305,Robbin Yew,38,LF,RF,L,R,Competitive,,B,1.0,62,51,78,83,32,0,0,0,,Stealer,Magic Hands,TRUE,2024-01-01,SMB4 Overdogs,Overdogs
306,Elroy Action,21,2B,SS,R,R,Spirited,,B+,0.9,37,89,98,38,37,0,0,0,,First Pitch Slayer,,TRUE,2024-01-01,SMB4 Overdogs,Overdogs
307,Yvette Victorino,32,CF,OF,R,L,Crafty,,C+,1.2,58,37,80,59,55,0,0,0,,,,TRUE,2024-01-01,SMB4 Overdogs,Overdogs
308,Casper Stern,28,RF,1B/OF,R,L,Competitive,,B-,1.1,50,54,48,68,74,0,0,0,,Low Pitch,Mind Gamer,TRUE,2024-01-01,SMB4 Overdogs,Overdogs
309,Raphael Gonzolo,28,1B,LF,L,L,Scholarly,,B-,1.1,65,38,85,43,20,0,0,0,,Con vs RPH,,TRUE,2024-01-01,SMB4 Overdogs,Overdogs
310,Samuel Perez,31,C,,R,R,Crafty,,B-,1.1,73,43,55,70,36,0,0,0,,Pinch Perfect,,TRUE,2024-01-01,SMB4 Overdogs,Overdogs
311,Dick Burger,29,3B,,R,R,Crafty,,C+,1.2,97,16,65,36,42,0,0,0,,Sign Stealer,,TRUE,2024-01-01,SMB4 Overdogs,Overdogs
312,Digg Efforto,21,SS,IF,R,R,Competitive,,D,1.5,7,27,31,87,69,0,0,0,,Utility,Easy Target,TRUE,2024-01-01,SMB4 Overdogs,Overdogs
313,Name,Age,Pow,Con,Bat,Thr,Age,,Ovr,1.0,Spd,Fld,Vel,Jnk,Acc,0,0,0,,Trait 1,Trait 2,TRUE,2024-01-01,SMB4 Overdogs,Overdogs
314,Larry La'Joy,31,3,4,R,L,Scholarly,,B,1.0,30,32,45,77,62,0,0,0,,Elite SB,,TRUE,2024-01-01,SMB4 Overdogs,Overdogs
315,Chasey Kim,35,17,6,S,R,Scholarly,,B,1.0,50,39,92,44,47,0,0,0,,Consistent,,TRUE,2024-01-01,SMB4 Overdogs,Overdogs
316,Werner Bergenberg,22,5,23,R,R,Scholarly,,B-,1.1,50,61,56,40,68,0,0,0,,Elite SL,,TRUE,2024-01-01,SMB4 Overdogs,Overdogs
317,Carrie Wayward,29,3,34,L,R,Crafty,,C,1.3,62,85,18,46,52,0,0,0,,,,TRUE,2024-01-01,SMB4 Overdogs,Overdogs
318,Slick Pickman,36,15,11,L,L,Scholarly,,B+,0.9,5,39,71,75,60,0,0,0,,Pick Officer,,TRUE,2024-01-01,SMB4 Overdogs,Overdogs
319,Brawn Thunderchump,27,4,5,L,L,Scholarly,,B+,0.9,21,73,53,82,68,0,0,0,,Choker,,TRUE,2024-01-01,SMB4 Overdogs,Overdogs
320,David Diggler,29,26,25,R,R,Spirited,,B,1.0,88,86,87,64,30,0,0,0,,BB Prone,,TRUE,2024-01-01,SMB4 Overdogs,Overdogs
321,Rocket Ramon,27,25,17,R,R,Spirited,,B-,1.1,70,48,74,69,25,0,0,0,,Elite 4F,,TRUE,2024-01-01,SMB4 Overdogs,Overdogs
322,Doug Nerdwerd,37,11,31,L,R,Spirited,,B-,1.1,87,71,54,68,32,0,0,0,,Elite CB,,TRUE,2024-01-01,SMB4 Overdogs,Overdogs
323,Kitty Kauffman,21,2B,3B,R,R,Scholarly,,B+,0.9,32,94,93,51,52,0,0,0,,Bad Ball Hitter,,TRUE,2024-01-01,SMB4 Platypi,Platypi
324,Beefcake McStevens,27,3B,SS,R,R,Disciplined,,A,0.7,83,96,74,57,65,0,0,0,,POW vs LHP,High Pitch,TRUE,2024-01-01,SMB4 Platypi,Platypi
325,Herra O'Wuggliems,21,RF,C,L,R,Spirited,,B+,0.9,44,84,40,82,76,0,0,0,,Off-Speed Hitter,Cannon Arm,TRUE,2024-01-01,SMB4 Platypi,Platypi
326,Muffin Studwick,35,LF,1B/OF,R,R,Disciplined,,B,1.0,52,87,59,74,47,0,0,0,,Fastball Hitter,Noodle Arm,TRUE,2024-01-01,SMB4 Platypi,Platypi
327,Willy Bacon,32,CF,OF,R,L,Crafty,,B+,0.9,51,82,71,73,56,0,0,0,,Outside Pitch,,TRUE,2024-01-01,SMB4 Platypi,Platypi
328,Scooter Sandbrick,37,1B,3B,L,R,Scholarly,,B,1.0,62,76,67,59,49,0,0,0,,RBI Zero,,TRUE,2024-01-01,SMB4 Platypi,Platypi
329,Charley Lopez,38,SS,2B,R,R,Disciplined,,B+,0.9,21,98,70,84,76,0,0,0,,Ace Exterminator,,TRUE,2024-01-01,SMB4 Platypi,Platypi
330,Tugboat Thomas,32,C,,R,R,Disciplined,,B-,1.1,59,62,24,79,68,0,0,0,,,,TRUE,2024-01-01,SMB4 Platypi,Platypi
331,Kerry Cartman,34,2B,SS,R,R,Spirited,,B-,1.1,39,60,84,60,64,0,0,0,,Big Hack,,TRUE,2024-01-01,SMB4 Platypi,Platypi
332,Rory Crowds,23,LF,1B,R,L,Disciplined,,C+,1.2,67,46,61,62,37,0,0,0,,Inside Pitch,,TRUE,2024-01-01,SMB4 Platypi,Platypi
333,Sky Rodriguez,27,3B,,R,R,Spirited,,C+,1.2,94,38,43,8,58,0,0,0,,CON vs LHP,,TRUE,2024-01-01,SMB4 Platypi,Platypi
334,Linda Hand,31,RF,OF,L,R,Disciplined,,B-,1.1,53,38,82,60,95,0,0,0,,Magic Hands,,TRUE,2024-01-01,SMB4 Platypi,Platypi
335,Chase Tibuhle,37,C,1B,R,R,Competitive,,C,1.3,27,30,57,74,93,0,0,0,,First Pitch Slayer,,TRUE,2024-01-01,SMB4 Platypi,Platypi
336,Name,Age,Pow,Con,Bat,Thr,Chem,,Ovr,1.0,Spd,Fld,Vel,Jnk,Acc,0,0,0,,Trait 1,Trait 2,TRUE,2024-01-01,SMB4 Platypi,Platypi
337,Ace von Acesson,29,15,32,R,L,Spirited,,A,0.7,16,96,65,84,78,0,0,0,,K Collector,,TRUE,2024-01-01,SMB4 Platypi,Platypi
338,Stooby Tubrek,31,4,37,L,R,Scholarly,,B+,0.9,9,65,57,46,87,0,0,0,,Elite CH,,TRUE,2024-01-01,SMB4 Platypi,Platypi
339,Rusty Nozzle,28,13,19,R,R,Spirited,,C+,1.2,9,74,56,42,51,0,0,0,,Injury Prone,,TRUE,2024-01-01,SMB4 Platypi,Platypi
340,Rufus Zumar,29,7,40,R,R,Competitive,,B+,0.9,10,64,52,66,81,0,0,0,,Crossed Up,,TRUE,2024-01-01,SMB4 Platypi,Platypi
341,Shirley Indiere,29,6,7,R,R,Scholarly,,B-,1.1,20,18,56,31,72,0,0,0,,Gets Ahead,,TRUE,2024-01-01,SMB4 Platypi,Platypi
342,Chance Lotterbury,37,6,19,L,L,Competitive,,D,1.5,21,69,6,20,40,0,0,0,,Reverse Splits,,TRUE,2024-01-01,SMB4 Platypi,Platypi
343,Remington Sharp,36,8,8,L,L,Competitive,,A-,0.8,27,66,70,60,89,0,0,0,,Elite 2F,,TRUE,2024-01-01,SMB4 Platypi,Platypi
344,Hugh Jacobs,29,11,13,R,R,Disciplined,,C,1.3,12,67,16,64,46,0,0,0,,,,TRUE,2024-01-01,SMB4 Platypi,Platypi
345,Walt Huckster,29,5,11,R,R,Disciplined,,C,1.3,61,27,55,25,59,0,0,0,,K Neglector,,TRUE,2024-01-01,SMB4 Platypi,Platypi
346,Rodney Park,21,SS,,L,R,Disciplined,,B-,1.1,27,77,69,61,72,0,0,0,,Cannon Arm,,TRUE,2024-01-01,SMB4 Sandcats,Sandcats
347,Marsha Brown,22,RF,OF,L,L,Crafty,,A,0.7,82,76,87,58,52,0,0,0,,Tough Out,,TRUE,2024-01-01,SMB4 Sandcats,Sandcats
348,Hercules Bentley,31,1B,C,R,R,Crafty,,B,1.0,88,66,13,78,56,0,0,0,,,,TRUE,2024-01-01,SMB4 Sandcats,Sandcats
349,Jess Fowl,22,1B,3B,R,R,Disciplined,,B,1.0,62,35,88,90,64,0,0,0,,Low Pitch,,TRUE,2024-01-01,SMB4 Sandcats,Sandcats
350,Dolf Steak,27,CF,1B/OF,L,L,Competitive,,A-,0.8,42,68,87,87,88,0,0,0,,POW vs PHP,CON vs RPH,TRUE,2024-01-01,SMB4 Sandcats,Sandcats
351,Knox Oxensocksen,29,C,LF,R,R,Competitive,,B,1.0,11,96,79,92,77,0,0,0,,Little Hack,,TRUE,2024-01-01,SMB4 Sandcats,Sandcats
352,Super Sampson,29,CF,OF,R,R,Competitive,,B,1.0,24,57,98,97,97,0,0,0,,Consistent,,TRUE,2024-01-01,SMB4 Sandcats,Sandcats
353,Chip Duffers,37,2B,SS,R,R,Crafty,,B-,1.1,20,72,90,73,80,0,0,0,,First Pitch Prayer,Magic Hands,TRUE,2024-01-01,SMB4 Sandcats,Sandcats
354,Kara Kawaguchi,29,3B,,R,R,Disciplined,,C+,1.2,44,42,90,60,90,0,0,0,,Wild Thrower,,TRUE,2024-01-01,SMB4 Sandcats,Sandcats
355,Winston Draper,38,2B,3B,L,R,Spirited,,C+,1.2,68,35,52,79,33,0,0,0,,Easy Target,,TRUE,2024-01-01,SMB4 Sandcats,Sandcats
356,Gia Axelson,28,LF,OF,L,L,Disciplined,,C+,1.2,33,76,59,43,32,0,0,0,,RBI Zero,,TRUE,2024-01-01,SMB4 Sandcats,Sandcats
357,Tigg Tantrum,28,LF,OF,R,R,Competitive,,C+,1.2,41,32,85,37,65,0,0,0,,Mind Gamer,,TRUE,2024-01-01,SMB4 Sandcats,Sandcats
358,Stracy Wickers,36,C,1B,R,R,Disciplined,,C,1.3,71,23,55,42,44,0,0,0,,Distractor,,TRUE,2024-01-01,SMB4 Sandcats,Sandcats
359,Name,Age,Pow,Con,Bat,Thr,Chem,,Ovr,1.0,Spd,Fld,Vel,Jnk,Acc,0,0,0,,Trait 1,Trait 2,TRUE,2024-01-01,SMB4 Sandcats,Sandcats
360,Kerwin Arches,35,55,13,R,R,Competitive,,A-,0.8,16,82,60,62,80,0,0,0,,Workhorse,,TRUE,2024-01-01,SMB4 Sandcats,Sandcats
361,Kandi Sweet,30,15,3,L,L,Spirited,,C+,1.2,29,53,50,45,35,0,0,0,,Pick Officer,Gets Ahead,TRUE,2024-01-01,SMB4 Sandcats,Sandcats
362,Beebee Takabasei,31,6,16,L,R,Competitive,,C,1.3,21,57,55,62,9,0,0,0,,BB Prone,,TRUE,2024-01-01,SMB4 Sandcats,Sandcats
363,Trey Mondo,19,1,33,R,R,Crafty,,C-,1.4,79,92,23,45,28,0,0,0,,,,TRUE,2024-01-01,SMB4 Sandcats,Sandcats
364,Sergio Slider,31,14,30,L,R,Disciplined,,A-,0.8,26,50,76,85,55,0,0,0,,Elite SL,Wild Thing,TRUE,2024-01-01,SMB4 Sandcats,Sandcats
365,Gasser Morris,31,2,6,L,L,Competitive,,A,0.7,12,58,95,56,79,0,0,0,,Specialist,,TRUE,2024-01-01,SMB4 Sandcats,Sandcats
366,Maverick McMann,21,5,15,R,R,Spirited,,A-,0.8,53,58,79,97,62,0,0,0,,K Neglecter,,TRUE,2024-01-01,SMB4 Sandcats,Sandcats
367,Jemma Yago,28,6,58,R,R,Scholarly,,C,1.3,12,50,47,30,52,0,0,0,,,,TRUE,2024-01-01,SMB4 Sandcats,Sandcats
368,Ice Vainer,31,3,13,L,R,Disciplined,,A-,0.8,57,40,87,93,46,0,0,0,,Composed,,TRUE,2024-01-01,SMB4 Sandcats,Sandcats
369,Slash Trips,22,CF,1B/OF,S,L,Disciplined,,A-,0.8,66,88,95,64,36,0,0,0,,Bad Ball Hitter,Rally Starter,TRUE,2024-01-01,SMB4 Sawteeth,Sawteeth
370,Johnny Bags,23,RF,LF,S,R,Disciplined,,B+,0.9,66,73,75,35,70,0,0,0,,Clutch,,TRUE,2024-01-01,SMB4 Sawteeth,Sawteeth
371,Junior Young Sr,42,C,1B,R,R,Spirited,,B-,1.1,70,41,38,76,92,0,0,0,,CON vs LHP,,TRUE,2024-01-01,SMB4 Sawteeth,Sawteeth
372,Jon Ronero,28,SS,2B,R,R,Crafty,,B+,0.9,90,58,69,74,19,0,0,0,,Bad Jumps,Big Hack,TRUE,2024-01-01,SMB4 Sawteeth,Sawteeth
373,Lester Bronco,31,RF,OF,L,R,Competitive,,B+,0.9,65,78,70,27,74,0,0,0,,Tough Out,,TRUE,2024-01-01,SMB4 Sawteeth,Sawteeth
374,Kira Nutmeg,21,3B,SS,L,R,Scholarly,,B,1.0,44,93,52,55,72,0,0,0,,Base Rounder,,TRUE,2024-01-01,SMB4 Sawteeth,Sawteeth
375,DP Turner,32,2B,IF,L,R,Crafty,,B-,1.1,61,55,43,80,46,0,0,0,,Cannon Arm,Dive Wizard,TRUE,2024-01-01,SMB4 Sawteeth,Sawteeth
376,Junior Young Jr,19,1B,C,R,R,Crafty,,C,1.3,79,29,49,45,58,0,0,0,,POW vs LHP,,TRUE,2024-01-01,SMB4 Sawteeth,Sawteeth
377,Pex Flext,29,C,RF,L,R,Disciplined,,B,1.0,62,73,15,69,75,0,0,0,,Sign Stealer,,TRUE,2024-01-01,SMB4 Sawteeth,Sawteeth
378,Cathy Culdesac,21,LF,RF,L,R,Spirited,,B-,1.1,50,52,64,88,48,0,0,0,,CON vs RHP,,TRUE,2024-01-01,SMB4 Sawteeth,Sawteeth
379,Hanso Magikko,22,SS,IF/OF,R,R,Crafty,,C+,1.2,37,41,57,91,80,0,0,0,,Magic Hands,,TRUE,2024-01-01,SMB4 Sawteeth,Sawteeth
380,Mattie Batts,36,CF,OF,L,L,Scholarly,,B,1.0,62,64,73,52,40,0,0,0,,Pinch Perfect,Noodle Arm,TRUE,2024-01-01,SMB4 Sawteeth,Sawteeth
381,Sammie Shigetani,29,2B,3B,L,R,Scholarly,,B-,1.1,42,56,57,65,53,0,0,0,,Stimulated,,TRUE,2024-01-01,SMB4 Sawteeth,Sawteeth
382,Name,Age,Pow,Con,Bat,Thr,Chem,,Ovr,1.0,Spd,Fld,Vel,Jnk,Acc,0,0,0,,Trait 1,Trait 2,TRUE,2024-01-01,SMB4 Sawteeth,Sawteeth
383,Lefty Southpalm,38,12,16,L,L,Spirited,,B+,0.9,31,44,47,80,60,0,0,0,,Specialist,Pick Officer,TRUE,2024-01-01,SMB4 Sawteeth,Sawteeth
384,Fabio Fabulo,31,13,21,R,L,Spirited,,B,1.0,10,12,59,38,82,0,0,0,,Elite FK,,TRUE,2024-01-01,SMB4 Sawteeth,Sawteeth
385,Thrash Allmeyer,31,2,21,R,R,Scholarly,,B-,1.1,24,82,44,56,76,0,0,0,,Wild Thing,,TRUE,2024-01-01,SMB4 Sawteeth,Sawteeth
386,Melody Moods,30,20,26,R,L,Scholarly,,C+,1.2,15,55,26,69,55,0,0,0,,Volatile,,TRUE,2024-01-01,SMB4 Sawteeth,Sawteeth
387,Grease Veterano,32,6,26,R,R,Disciplined,,B-,1.1,17,70,28,75,63,0,0,0,,,,TRUE,2024-01-01,SMB4 Sawteeth,Sawteeth
388,Brick Towers,29,2,24,R,R,Scholarly,,B+,0.9,48,46,59,96,48,0,0,0,,Elite SL,,TRUE,2024-01-01,SMB4 Sawteeth,Sawteeth
389,Doc Simpleman,37,22,26,L,L,Scholarly,,B-,1.1,28,58,61,53,53,0,0,0,,Falls Behind,Durable,TRUE,2024-01-01,SMB4 Sawteeth,Sawteeth
390,Libby Doe,25,7,18,R,R,Crafty,,B-,1.1,32,63,56,58,49,0,0,0,,,,TRUE,2024-01-01,SMB4 Sawteeth,Sawteeth
391,Maximo Primo,27,9,22,L,R,Competitive,,A,0.7,13,71,70,91,80,0,0,0,,Rally Stopper,,TRUE,2024-01-01,SMB4 Sawteeth,Sawteeth
392,Kat Stanza,31,1B,C,L,R,Disciplined,,B+,0.9,90,71,58,42,65,0,0,0,,,,TRUE,2024-01-01,SMB4 Sirloins,Sirloins
393,Hammer Longballo,29,RF,1B/OF,L,R,Competitive,,A+,0.6,99,78,60,58,75,0,0,0,,POW vs RHP,Fastball Hitter,TRUE,2024-01-01,SMB4 Sirloins,Sirloins
394,Lloyd Cook,32,2B,3B,L,R,Spirited,,A-,0.8,80,52,83,72,33,0,0,0,,High Pitch,,TRUE,2024-01-01,SMB4 Sirloins,Sirloins
395,Filet Jones,20,LF,RF,R,R,Spirited,,C+,1.2,97,41,44,55,25,0,0,0,,Noodle Arm,,TRUE,2024-01-01,SMB4 Sirloins,Sirloins
396,Madoka Hayata,36,3B,SS,R,R,Scholarly,,B,1.0,48,84,97,43,45,0,0,0,,Wild Thrower,,TRUE,2024-01-01,SMB4 Sirloins,Sirloins
397,Willard Wiggins,21,SS,2B,L,R,Competitive,,B,1.0,66,50,64,46,68,0,0,0,,RBI Hero,Dive Wizard,TRUE,2024-01-01,SMB4 Sirloins,Sirloins
398,Preston Addonomus,37,C,1B,S,R,Spirited,,B-,1.1,84,19,48,64,69,0,0,0,,,,TRUE,2024-01-01,SMB4 Sirloins,Sirloins
399,Damien Rush,31,CF,OF,R,R,Scholarly,,B,1.0,89,12,93,57,70,0,0,0,,Sprinter,Magic Hands,TRUE,2024-01-01,SMB4 Sirloins,Sirloins
400,Momo Tobo,29,C,,R,R,Scholarly,,C+,1.2,50,48,37,70,80,0,0,0,,,,TRUE,2024-01-01,SMB4 Sirloins,Sirloins
401,Tish Balin,22,CF,OF,R,L,Disciplined,,B-,1.1,58,33,68,70,90,0,0,0,,Utility,,TRUE,2024-01-01,SMB4 Sirloins,Sirloins
402,Boomer Plattune,34,3B,2B,S,R,Spirited,,B,1.0,70,54,54,41,80,0,0,0,,,,TRUE,2024-01-01,SMB4 Sirloins,Sirloins
403,Javier Cortez,27,LF,OF,L,L,Scholarly,,C+,1.2,65,32,46,44,64,0,0,0,,Stealer,,TRUE,2024-01-01,SMB4 Sirloins,Sirloins
404,Mick Steeyle,27,1B,,L,R,Spirited,,C+,1.2,84,35,45,28,21,0,0,0,,Pinch Perfect,,TRUE,2024-01-01,SMB4 Sirloins,Sirloins
405,Name,Age,Pow,Con,Bat,Thr,Chem,,Ovr,1.0,Spd,Fld,Vel,Jnk,Acc,0,0,0,,Trait 1,Trait 2,TRUE,2024-01-01,SMB4 Sirloins,Sirloins
406,Manny Kays,25,11,2,L,L,Disciplined,,A+,0.6,67,88,75,88,77,0,0,0,,Elite 2F,,TRUE,2024-01-01,SMB4 Sirloins,Sirloins
407,Bugsy Snugs,31,18,6,R,R,Scholarly,,B+,0.9,15,37,77,64,64,0,0,0,,BB Prone,,TRUE,2024-01-01,SMB4 Sirloins,Sirloins
408,Slip Van'Derwink,30,44,2,L,L,Competitive,,B+,0.9,14,46,60,76,71,0,0,0,,Easy Jumps,,TRUE,2024-01-01,SMB4 Sirloins,Sirloins
409,Kayo Niomo,38,6,1,R,R,Spirited,,B,1.0,73,60,70,49,56,0,0,0,,Pick Officer,,TRUE,2024-01-01,SMB4 Sirloins,Sirloins
410,Split Seemerson,21,15,9,R,R,Spirited,,C+,1.2,8,51,35,65,55,0,0,0,,Elite FK,Injury Prone,TRUE,2024-01-01,SMB4 Sirloins,Sirloins
411,Shay Dee,31,29,17,L,L,Crafty,,A,0.7,32,94,84,51,95,0,0,0,,Falls Behind,Stimulated,TRUE,2024-01-01,SMB4 Sirloins,Sirloins
412,Linus Digby,27,21,6,L,R,Competitive,,C,1.3,54,89,50,55,19,0,0,0,,,,TRUE,2024-01-01,SMB4 Sirloins,Sirloins
413,Miguel Duke,29,9,13,L,R,Competitive,,C,1.3,47,39,30,86,18,0,0,0,,,,TRUE,2024-01-01,SMB4 Sirloins,Sirloins
414,Franz Zilla,32,5,2,R,R,Scholarly,,C+,1.2,19,58,85,39,25,0,0,0,,K Collector,,TRUE,2024-01-01,SMB4 Sirloins,Sirloins
415,Masha Donga,29,SS,IF,R,R,Disciplined,,A-,0.8,73,92,48,56,65,0,0,0,,Off-Speed Hitter,,TRUE,2024-01-01,SMB4 Wideloads,Wideloads
416,Darcy Hicks,38,1B,,R,R,Spirited,,B+,0.9,84,92,53,8,39,0,0,0,,Inside Pitch,,TRUE,2024-01-01,SMB4 Wideloads,Wideloads
417,Hack Liner,31,3B,SS,R,R,Competitive,,A,0.7,92,87,65,57,86,0,0,0,,Big Hack,Ace Exterminator,TRUE,2024-01-01,SMB4 Wideloads,Wideloads
418,Chimo Gaspar,29,SS,2B,R,R,Competitive,,A-,0.8,89,53,56,89,72,0,0,0,,Con vs LHP,Low Pitch,TRUE,2024-01-01,SMB4 Wideloads,Wideloads
419,Harmony Straus,28,C,1B,L,R,Crafty,,B+,0.9,77,60,12,45,96,0,0,0,,Fastball Hitter,,TRUE,2024-01-01,SMB4 Wideloads,Wideloads
420,Wade Hobbes,37,CF,OF,L,L,Crafty,,B+,0.9,88,54,48,71,57,0,0,0,,First Pitch Slayer,,TRUE,2024-01-01,SMB4 Wideloads,Wideloads
421,Ella Roids,21,RF,C,R,R,Crafty,,B-,1.1,80,52,23,71,79,0,0,0,,Stimulated,,TRUE,2024-01-01,SMB4 Wideloads,Wideloads
422,Fungo Accuro,31,CF,OF,R,R,Competitive,,B,1.0,38,97,72,58,35,0,0,0,,Little Hack,,TRUE,2024-01-01,SMB4 Wideloads,Wideloads
423,Janus Friedman,31,2B,3B,R,R,Crafty,,B,1.0,75,62,57,81,50,0,0,0,,Butter Fingers,,TRUE,2024-01-01,SMB4 Wideloads,Wideloads
424,Izzy Baker,29,2B,,R,R,Disciplined,,B-,1.1,40,59,82,56,62,0,0,0,,,,TRUE,2024-01-01,SMB4 Wideloads,Wideloads
425,Prince Prize,32,C,LF,R,R,Competitive,,C+,1.2,26,50,72,72,49,0,0,0,,Bunter,,TRUE,2024-01-01,SMB4 Wideloads,Wideloads
426,Olaf Beerson,37,LF,,R,L,Scholarly,,C,1.3,79,36,29,86,25,0,0,0,,Outside Pitch,,TRUE,2024-01-01,SMB4 Wideloads,Wideloads
427,Jules Bergman,30,LF,OF,R,L,Crafty,,C,1.3,76,13,72,40,53,0,0,0,,,,TRUE,2024-01-01,SMB4 Wideloads,Wideloads
428,Name,Age,Pow,Con,Bat,Thr,Chem,,Ovr,1.0,Spd,Fld,Vel,Jnk,Acc,0,0,0,,Trait 1,Trait 2,TRUE,2024-01-01,SMB4 Wideloads,Wideloads
429,Chugg Burbony,23,13,5,R,L,Competitive,,A-,0.8,9,49,79,58,92,0,0,0,,Falls Behind,Metal Head,TRUE,2024-01-01,SMB4 Wideloads,Wideloads
430,Sanny Deals,21,9,23,R,R,Disciplined,,A-,0.8,13,59,77,78,56,0,0,0,,K Collector,,TRUE,2024-01-01,SMB4 Wideloads,Wideloads
431,Latoya Lumberg,36,17,5,L,R,Disciplined,,B-,1.1,13,23,36,56,75,0,0,0,,,,TRUE,2024-01-01,SMB4 Wideloads,Wideloads
432,Gerry Rawner,31,40,29,R,R,Scholarly,,B-,1.1,53,72,29,65,52,0,0,0,,Workhorse,Meltdown,TRUE,2024-01-01,SMB4 Wideloads,Wideloads
433,Holder Close,22,22,10,L,L,Disciplined,,B+,0.9,9,54,46,78,76,0,0,0,,Pick Officer,Elite CB,TRUE,2024-01-01,SMB4 Wideloads,Wideloads
434,Bale Bozzer,27,24,3,L,L,Disciplined,,B+,0.9,29,65,49,84,69,0,0,0,,Crossed Up,,TRUE,2024-01-01,SMB4 Wideloads,Wideloads
435,Molly Pops,27,15,2,L,R,Crafty,,B-,1.1,5,66,60,60,48,0,0,0,,Surrounded,,TRUE,2024-01-01,SMB4 Wideloads,Wideloads
436,Kyrone Throne,30,4,1,R,R,Crafty,,C+,1.2,8,21,38,74,38,0,0,0,,,,TRUE,2024-01-01,SMB4 Wideloads,Wideloads
437,Rogan Balls,29,26,7,R,R,Spirited,,B-,1.1,11,45,82,43,34,0,0,0,,Elite CF,,TRUE,2024-01-01,SMB4 Wideloads,Wideloads
438,Bloop Michaels,25,SS,2B,R,R,Spirited,,A,0.7,78,76,92,73,53,0,0,0,,Bad Ball Hitter,Rally Starter,TRUE,2024-01-01,SMB4 Wild Pigs,Wild Pigs
439,Snag Roper,38,SS,,R,R,Competitive,,B+,0.9,68,87,22,93,91,0,0,0,,Magic Hands,,TRUE,2024-01-01,SMB4 Wild Pigs,Wild Pigs
440,Spanky Wagnerd,28,1B,,L,R,Crafty,,B+,0.9,97,58,66,16,14,0,0,0,,First Pitch Slayer,Butter Fingers,TRUE,2024-01-01,SMB4 Wild Pigs,Wild Pigs
441,Flash Evans,30,RF,C,R,R,Scholarly,,B,1.0,90,30,98,49,29,0,0,0,,Dive Wizard,,TRUE,2024-01-01,SMB4 Wild Pigs,Wild Pigs
442,Rosy Hardman,22,LF,OF,L,L,Crafty,,B-,1.1,93,30,47,36,31,0,0,0,,High Pitch,,TRUE,2024-01-01,SMB4 Wild Pigs,Wild Pigs
443,Frank Battery,27,C,,S,R,Disciplined,,B+,0.9,35,61,73,97,87,0,0,0,,Base Jogger,Durable,TRUE,2024-01-01,SMB4 Wild Pigs,Wild Pigs
444,Mannon Moon,32,CF,OF,L,R,Scholarly,,B-,1.1,62,26,87,53,50,0,0,0,,POW vs RHP,,TRUE,2024-01-01,SMB4 Wild Pigs,Wild Pigs
445,Roberto Alba,36,3B,IF,L,R,Crafty,,C+,1.2,53,51,58,43,45,0,0,0,,Clutch,,TRUE,2024-01-01,SMB4 Wild Pigs,Wild Pigs
446,Wally Bacon,37,2B,3B,R,R,Spirited,,B-,1.1,59,36,96,58,25,0,0,0,,,,TRUE,2024-01-01,SMB4 Wild Pigs,Wild Pigs
447,Earnie Blings,29,C,RF,L,R,Crafty,,C+,1.2,85,40,31,40,34,0,0,0,,Little Hack,,TRUE,2024-01-01,SMB4 Wild Pigs,Wild Pigs
448,Turbo Miles,31,2B,SS,R,R,Disciplined,,C+,1.2,40,56,91,27,25,0,0,0,,Stealer,,TRUE,2024-01-01,SMB4 Wild Pigs,Wild Pigs
449,Enrique Goyo,19,LF,,L,R,Scholarly,,C+,1.2,51,46,73,49,25,0,0,0,,Bad Jumps,Base Rounds,TRUE,2024-01-01,SMB4 Wild Pigs,Wild Pigs
450,Godfried Storm,21,CF,1B/OF,L,L,Competitive,,C+,1.2,48,37,55,35,83,0,0,0,,Utility,,TRUE,2024-01-01,SMB4 Wild Pigs,Wild Pigs
451,Name,Age,Pow,Con,Bat,Thr,Chem,,Ovr,1.0,Spd,Fld,Vel,Jnk,Acc,0,0,0,,Trait 1,Trait 2,TRUE,2024-01-01,SMB4 Wild Pigs,Wild Pigs
452,Wes Yogurt,29,8,3,R,R,Competitive,,A,0.7,83,17,74,75,85,0,0,0,,Elite CH,,TRUE,2024-01-01,SMB4 Wild Pigs,Wild Pigs
453,Hugs Lovell,36,33,4,L,L,Spirited,,B,1.0,74,38,52,55,70,0,0,0,,Elite SB,,TRUE,2024-01-01,SMB4 Wild Pigs,Wild Pigs
454,Durbin Holmes,21,4,15,R,R,Competitive,,B,1.0,67,55,39,85,64,0,0,0,,,,TRUE,2024-01-01,SMB4 Wild Pigs,Wild Pigs
455,Wiff Smesson,31,2,39,L,R,Scholarly,,B,1.0,63,44,47,65,53,0,0,0,,Composed,Elite FK,TRUE,2024-01-01,SMB4 Wild Pigs,Wild Pigs
456,Cutter Crackebarrel,29,24,28,L,R,Scholarly,,B-,1.1,4,30,89,37,39,0,0,0,,Elite CF,,TRUE,2024-01-01,SMB4 Wild Pigs,Wild Pigs
457,Donovan Drake,31,6,12,R,R,Spirited,,C+,1.2,53,23,92,24,45,0,0,0,,,,TRUE,2024-01-01,SMB4 Wild Pigs,Wild Pigs
458,Alana Lantana,29,4,14,L,L,Disciplined,,A+,0.6,59,7,62,94,94,0,0,0,,K Collector,,TRUE,2024-01-01,SMB4 Wild Pigs,Wild Pigs
459,Kendra Kerr,21,6,8,R,R,Disciplined,,B+,0.9,78,32,61,85,67,0,0,0,,,,TRUE,2024-01-01,SMB4 Wild Pigs,Wild Pigs
460,Hander O'Speciallo,30,2,5,L,L,Crafty,,C+,1.2,10,75,23,70,51,0,0,0,,Specialist,Surrounded,TRUE,2024-01-01,SMB4 Wild Pigs,Wild Pigs
