playerId,name,age,primaryPosition,secondaryPosition,bats,throws,chemistry,personality,overallGrade,gradeWeight,power,contact,speed,fielding,arm,velocity,junk,accuracy,arsenal,trait1,trait2,isActive,createdDate,notes
1,Gina Torrens,36,2B,SS,L,R,Crafty,,B+,0.9,25,87,91,80,20,0,0,0,,PWR vs RHP,Butter Fingers,TRUE,2024-01-01,SMB4 Beewolves
2,Handley Dexterez,29,SS,IF/OF,S,R,Spirited,,S,0.5,63,87,87,97,74,0,0,0,,Utility,Fastball Hitter,TRUE,2024-01-01,SMB4 Beewolves
3,Kobe Kingman,31,1B,RF,S,R,Competitive,,B,1.0,95,27,51,68,63,0,0,0,,,,TRUE,2024-01-01,SMB4 Beewolves
4,Buster Bigs,31,LF,C,L,R,Scholarly,,B,1.0,74,68,77,44,40,0,0,0,,Base Jogger,,TRUE,2024-01-01,SMB4 Beewolves
5,Billy LeBoink,32,RF,LF,R,R,Competitive,,B,1.0,56,74,28,73,97,0,0,0,,,,TRUE,2024-01-01,SMB4 Beewolves
6,Magic Moore,22,CF,OF,S,L,Spirited,,B,1.0,56,40,87,61,69,0,0,0,,,,TRUE,2024-01-01,SMB4 Beewolves
7,Bertha Banks,29,3B,1B,L,R,Scholarly,,B-,1.1,64,56,51,67,52,0,0,0,,Big Hack,Slow Poke,TRUE,2024-01-01,SMB4 Beewolves
8,Johnson Swanson,31,C,,R,R,Spirited,,B-,1.1,62,43,72,73,70,0,0,0,,Little Hack,,TRUE,2024-01-01,SMB4 Beewolves
9,Freddie Knox,38,2B,,R,R,Spirited,,B-,1.1,23,81,95,43,56,0,0,0,,Bad Ball Hitter,,TRUE,2024-01-01,SMB4 Beewolves
10,Ruby Greene,26,1B,3B,L,R,Spirited,,B,1.0,63,69,54,18,51,0,0,0,,Mind Gamer,,TRUE,2024-01-01,SMB4 Beewolves
11,Steve Monstur,32,C,1B,L,R,Crafty,,B-,1.1,69,45,56,52,53,0,0,0,,Whiffer,First Pitch Slayer,TRUE,2024-01-01,SMB4 Beewolves
12,Benny Balmer,29,LF,OF,S,L,Crafty,,C+,1.2,32,40,58,89,84,0,0,0,,Clutch,,TRUE,2024-01-01,SMB4 Beewolves
13,Poke Foster,24,RF,OF,R,R,Spirited,,C,1.3,25,76,24,68,66,0,0,0,,Bunter,,TRUE,2024-01-01,SMB4 Beewolves
14,Hurley Bender,23,SP,,L,R,Disciplined,,S,0.5,12,8,23,67,0,73,99,86,"4F, 2F, CF, CB, SL",Elite CB,,TRUE,2024-01-01,SMB4 Beewolves
15,Bevis Ortiz,28,SP,,L,R,Spirited,,B+,0.9,4,7,65,70,0,63,66,63,"4F, CB, SL, FK",Elite FK,,TRUE,2024-01-01,SMB4 Beewolves
16,Fran Gipani,37,SP,,R,R,Disciplined,,B,1.0,2,38,35,98,0,66,54,46,"4F, 2F, CB, SL, CH",Elite 2F,Volatile,TRUE,2024-01-01,SMB4 Beewolves
17,Deshaun Levonn,28,SP,,L,L,Scholarly,,C+,1.2,54,24,5,60,0,42,41,68,"4F, 2F, SL, CH",,,TRUE,2024-01-01,SMB4 Beewolves
18,Buzz Pastimm,31,SP/RP,,R,L,Spirited,,B+,0.9,14,26,3,56,0,87,29,65,"4F,2F, SB, CH",Specialist,Elite 4,TRUE,2024-01-01,SMB4 Beewolves
19,Benson Rushmore,26,RP,,R,R,Crafty,,C+,1.2,25,8,8,39,0,62,59,31,"4F, 2F, CB, SL",,,TRUE,2024-01-01,SMB4 Beewolves
20,Dusty Winder,28,RP,,L,R,Scholarly,,C+,1.2,12,3,13,76,0,62,42,46,"4F, CB, CH",,,TRUE,2024-01-01,SMB4 Beewolves
21,Tatts Balfour,37,RP,,R,R,Scholarly,,C+,1.2,2,13,41,90,0,49,64,38,"4F, CB, SL",BB Prone,,TRUE,2024-01-01,SMB4 Beewolves
22,Smack Avery,20,CP,,L,L,Disciplined,,C+,1.2,3,4,19,80,0,72,36,40,"4F, CB",K Collector,,TRUE,2024-01-01,SMB4 Beewolves
23,Elvis Stanley,28,SS,2B,S,R,Spirited,,A,0.7,68,80,75,87,77,0,0,0,,Clutch,,TRUE,2024-01-01,SMB4 Blowfish
24,Jose Carloco,29,1B,,R,R,Competitive,,B-,1.1,76,98,35,13,11,0,0,0,,,,TRUE,2024-01-01,SMB4 Blowfish
25,Nirub Oowanga,28,RF,OF,S,L,Competitive,,A-,0.8,61,84,83,70,53,0,0,0,,First Pitch Slayer,,TRUE,2024-01-01,SMB4 Blowfish
26,Marvin Steed,36,LF,OF,L,L,Disciplined,,A-,0.8,74,79,86,65,27,0,0,0,,POW vs RHP,Sprinter,TRUE,2024-01-01,SMB4 Blowfish
27,Keg Gutterson,31,3B,SS,R,R,Spirited,,B+,0.9,70,97,39,39,68,0,0,0,,RBI Hero,,TRUE,2024-01-01,SMB4 Blowfish
28,Sting McGee,36,C,,L,R,Crafty,,B+,0.9,52,85,57,74,68,0,0,0,,,,TRUE,2024-01-01,SMB4 Blowfish
29,Shayanne Hill,32,2B,3B,R,R,Disciplined,,B,1.0,35,83,91,70,21,0,0,0,,Mind Gamer,,TRUE,2024-01-01,SMB4 Blowfish
30,Rod Forth,31,RF,C,L,R,Disciplined,,B,1.0,18,97,95,36,42,0,0,0,,Distractor,,TRUE,2024-01-01,SMB4 Blowfish
31,Hog Porker,38,2B,SS,L,R,Competitive,,B,1.0,71,58,38,78,52,0,0,0,,Base Jogger,,TRUE,2024-01-01,SMB4 Blowfish
32,Harry Backman,31,C,1B,S,R,Scholarly,,B+,0.9,95,71,58,33,39,0,0,0,,Whiffer,,TRUE,2024-01-01,SMB4 Blowfish
33,Ricky Quan,21,CF,OF,R,R,Crafty,,C+,1.2,30,45,70,92,91,0,0,0,,Stealer,,TRUE,2024-01-01,SMB4 Blowfish
34,Alfonzo Delgado,27,3B,1B,S,R,Competitive,,C+,1.2,37,47,66,66,78,0,0,0,,Base Rounder,,TRUE,2024-01-01,SMB4 Blowfish
35,Pumper Lumpkins,31,LF,1B/OF,R,R,Spirited,,C-,1.4,49,28,49,75,38,0,0,0,,CON vs LHP,,TRUE,2024-01-01,SMB4 Blowfish
36,Wanda Dregler,32,SP,,L,R,Spirited,,A-,0.8,22,5,16,71,0,51,59,95,"4F, 2F, CB, SL, CH",Surrounded,Elite CH,TRUE,2024-01-01,SMB4 Blowfish
37,Lad Bradwick,21,SP,,R,R,Spirited,,B+,0.9,3,97,34,81,0,78,60,63,"4F, SL, CH",,,TRUE,2024-01-01,SMB4 Blowfish
38,Bartholomew Draculo,37,SP,,R,R,Disciplined,,B,1.0,37,7,24,43,0,65,45,79,"4F, 2F, CB, FK",Falls Behind,Volatile,TRUE,2024-01-01,SMB4 Blowfish
39,Shania Burns,27,SP,,L,L,Spirited,,B,1.0,19,2,15,52,0,52,50,72,"4F, CB, SL, CH, FK",,,TRUE,2024-01-01,SMB4 Blowfish
40,Geoffery Jenkins,20,SP/RP,,L,R,Scholarly,,C+,1.2,20,10,0,67,0,45,53,44,"4F, 2F, SL",Elite SL,,TRUE,2024-01-01,SMB4 Blowfish
41,Dwight Breeze,26,SP,,R,R,Scholarly,,D+,1.5,7,7,44,17,0,29,42,35,"4F, 2F, CH",Consistent,,TRUE,2024-01-01,SMB4 Blowfish
42,Joanna Heater,22,RP,,L,R,Spirited,,B-,1.1,27,2,8,16,0,97,10,69,"4F, CB, CH",Elite 4F,Wild Thing,TRUE,2024-01-01,SMB4 Blowfish
43,Mindy Marshwater,26,RP,,L,L,Scholarly,,C,1.3,3,21,25,60,0,33,41,45,"4F, CB, SB",Elite SB,,TRUE,2024-01-01,SMB4 Blowfish
44,Julio Huper,25,CP,,R,L,Competitive,,B+,0.9,24,46,5,50,0,55,77,39,"4F, 2F, CF, CB",Specialist,Elite CF,TRUE,2024-01-01,SMB4 Blowfish
45,Buttons Bunterson,25,SS,3B,R,R,Competitive,,A,0.7,46,99,92,92,82,0,0,0,,Sprinter,Bunter,TRUE,2024-01-01,SMB4 Buzzards
46,Joseph Trunk,23,1B,LF,R,L,Spirited,,B,1.0,68,77,67,77,42,0,0,0,,Choker,,TRUE,2024-01-01,SMB4 Buzzards
47,Mario Mustaccio,25,3B,SS,L,R,Disciplined,,A-,0.8,72,63,69,88,79,0,0,0,,Stimulated,Dive Wizard,TRUE,2024-01-01,SMB4 Buzzards
48,Jacques O'Ften,36,C,,L,R,Disciplined,,A-,0.8,87,49,69,76,81,0,0,0,,First Pitch Slayer,Consistent,TRUE,2024-01-01,SMB4 Buzzards
49,Dano Yoshida,21,RF,C,L,R,Crafty,,B+,0.9,60,69,57,84,97,0,0,0,,,,TRUE,2024-01-01,SMB4 Buzzards
50,Thurman Colt,32,CF,,S,R,Disciplined,,B+,0.9,70,45,83,31,49,0,0,0,,Mind Gamer,,TRUE,2024-01-01,SMB4 Buzzards
51,Rolf Borgnar,37,LF,OF,L,L,Disciplined,,B-,1.1,49,59,65,82,77,0,0,0,,RBI Zero,,TRUE,2024-01-01,SMB4 Buzzards
52,Sloop Whoopity,20,2B,3B,R,R,Crafty,,B-,1.1,29,73,83,58,53,0,0,0,,Rally Starter,,TRUE,2024-01-01,SMB4 Buzzards
53,Spits McKinny,36,LF,RF,R,R,Competitive,,B-,1.1,30,84,69,75,56,0,0,0,,RBI Hero,,TRUE,2024-01-01,SMB4 Buzzards
54,Helena Bigsby,31,1B,,S,R,Crafty,,B,1.0,59,91,25,45,47,0,0,0,,,,TRUE,2024-01-01,SMB4 Buzzards
55,Billy Bronx,28,C,IF/OF,R,R,Spirited,,C,1.3,46,28,38,61,74,0,0,0,,Distractor,,TRUE,2024-01-01,SMB4 Buzzards
56,Emilio Idoya,31,2B,IF/OF,L,R,Crafty,,B-,1.1,28,35,82,85,81,0,0,0,,Outside Pitch,Utility,TRUE,2024-01-01,SMB4 Buzzards
57,Ham Slamous,22,SS,2B,L,R,Competitive,,B,1.0,73,56,46,53,75,0,0,0,,,,TRUE,2024-01-01,SMB4 Buzzards
58,Punchie Patterson,27,SP,,R,R,Competitive,,A-,0.8,30,12,25,72,0,89,89,34,"4F, CB, SL, CH",K Collector,Easy Jumps,TRUE,2024-01-01,SMB4 Buzzards
59,Meow Bubbkins,29,SP,,R,L,Scholarly,,B,1.0,4,26,16,77,0,44,53,75,"4F, CB, SL, SB, CH",Elite SB,Volatile,TRUE,2024-01-01,SMB4 Buzzards
60,Erlang Elwood,29,SP,,L,L,Scholarly,,C+,1.2,5,10,14,84,0,52,41,46,"4F, 2F, CB, SL, CH",Elite 2F,,TRUE,2024-01-01,SMB4 Buzzards
61,Hannah Hogswind,27,SP,,R,R,Crafty,,C-,1.4,4,19,56,98,0,32,15,61,"4F, CF, CB, CH",,,TRUE,2024-01-01,SMB4 Buzzards
62,Bradley Bowler,29,SP/RP,,R,R,Competitive,,B,1.0,14,1,17,71,0,62,68,53,"4F, 2F, SL, CH",,,TRUE,2024-01-01,SMB4 Buzzards
63,Sebastian Morrow,28,SP,,L,R,Scholarly,,B-,1.1,21,13,22,55,0,55,53,54,"4F, SL, CH",Reverse Splits,,TRUE,2024-01-01,SMB4 Buzzards
64,Max Texis,37,RP,,L,L,Spirited,,A-,0.8,2,16,17,93,0,85,76,57,"4F, CB, SL",Crossed Up,,TRUE,2024-01-01,SMB4 Buzzards
65,Meat Commonly,38,RP,,L,R,Spirited,,D+,1.5,5,10,20,54,0,69,20,18,"4F, 2F, CF, CB",Wild Thing,,TRUE,2024-01-01,SMB4 Buzzards
66,Leyla Buckberger,27,CP,,L,R,Spirited,,B,1.0,19,14,23,68,0,52,81,50,"4F, CB",Rally Stopper,,TRUE,2024-01-01,SMB4 Buzzards
67,Liane Drive,27,1B,C,R,R,Crafty,,B,1.0,57,96,39,39,59,0,0,0,,Mind Gamer,,TRUE,2024-01-01,SMB4 Crocodons
68,Andre Candela,25,2B,IF,S,R,Competitive,,A-,0.8,67,72,71,76,22,0,0,0,,Sprinter,Consistent,TRUE,2024-01-01,SMB4 Crocodons
69,Runda Thurd,31,3B,SS,R,R,Disciplined,,B+,0.9,78,53,95,61,61,0,0,0,,Base Rounder,,TRUE,2024-01-01,SMB4 Crocodons
70,Terra Lionerre,28,C,1B,L,R,Spirited,,B,1.0,74,60,39,50,63,0,0,0,,Wild Thrower,,TRUE,2024-01-01,SMB4 Crocodons
71,Vinnie Vortex,29,RF,OF,L,R,Scholarly,,B+,0.9,35,80,93,56,64,0,0,0,,,,TRUE,2024-01-01,SMB4 Crocodons
72,Gordon Fruitwell,29,CF,OF,L,R,Competitive,,B,1.0,42,63,88,49,59,0,0,0,,,,TRUE,2024-01-01,SMB4 Crocodons
73,Juanita Hernandez,31,RF,LF,R,R,Disciplined,,B+,0.9,48,69,65,89,96,0,0,0,,Cannon Arm,,TRUE,2024-01-01,SMB4 Crocodons
74,Norton Pickle,31,SS,,R,R,Competitive,,B,1.0,33,79,69,78,73,0,0,0,,Distractor,,TRUE,2024-01-01,SMB4 Crocodons
75,Clifford Kane,37,CF,OF,L,L,Scholarly,,C+,1.2,59,62,53,30,47,0,0,0,,Easy Target,,TRUE,2024-01-01,SMB4 Crocodons
76,Evan Chukov,20,C,RF,L,R,Crafty,,B-,1.1,41,53,23,78,89,0,0,0,,First Pitch Slayer,,TRUE,2024-01-01,SMB4 Crocodons
77,Bubba Blastman,30,LF,,S,R,Disciplined,,C+,1.2,74,42,25,47,56,0,0,0,,Whiffer,Clutch,TRUE,2024-01-01,SMB4 Crocodons
78,Trisha Lee,21,3B,1B,L,R,Crafty,,B-,1.1,38,80,58,48,69,0,0,0,,,,TRUE,2024-01-01,SMB4 Crocodons
79,Tarzan Woodburn,26,1B,3B,L,R,Competitive,,C-,1.4,21,34,11,96,83,0,0,0,,Big Hack,,TRUE,2024-01-01,SMB4 Crocodons
80,Jovita Pulo,29,SP,,L,R,Scholarly,,S,0.5,8,10,49,63,0,97,89,85,"4F, 2F, SL, CH",,,TRUE,2024-01-01,SMB4 Crocodons
81,Maurice Brick,22,SP,,L,L,Competitive,,A,0.7,16,15,13,81,0,76,96,52,"4F, 2F, CB, SL, FK",Workhorse,Volatile,TRUE,2024-01-01,SMB4 Crocodons
82,Jerry Kapps,37,SP,,R,R,Crafty,,A-,0.8,2,36,7,88,0,64,70,74,"4F, 2F, CF, SL, CH",,,TRUE,2024-01-01,SMB4 Crocodons
83,Bae Paul,27,SP,,L,R,Competitive,,C+,1.2,7,28,33,75,0,9,75,52,"4F, 2F, CB, SL, CH",Elite 2F,,TRUE,2024-01-01,SMB4 Crocodons
84,Norm Fenomeno,23,SP/RP,,L,R,Spirited,,A,0.7,77,79,23,78,0,54,76,67,"4F, CF, CB, SL",Elite 4F,Two Way (IF),TRUE,2024-01-01,SMB4 Crocodons
85,Woody Ano,38,RP,,R,R,Crafty,,B,1.0,5,30,10,76,0,85,89,15,"4F, 2F, SL",Crossed Up,,TRUE,2024-01-01,SMB4 Crocodons
86,Tia Mayfair,32,RP,,L,R,Crafty,,C,1.3,2,19,13,98,0,73,48,24,"4F, CB, CH",K Neglector,,TRUE,2024-01-01,SMB4 Crocodons
87,Lou DaBaziz,26,RP,,R,R,Spirited,,D+,1.5,1,15,8,22,0,39,29,43,"4F, CB, FK",Falls Behind,,TRUE,2024-01-01,SMB4 Crocodons
88,Ricky McFarland,25,CP,,L,L,Spirited,,B+,0.9,3,22,20,36,0,66,97,31,"4F, SL",Specialist,,TRUE,2024-01-01,SMB4 Crocodons
89,Stockton Brickhouse,24,CF,OF,R,R,Scholarly,,B+,0.9,76,94,53,27,49,0,0,0,,Ace Exterminator,,TRUE,2024-01-01,SMB4 Freebooters
90,Oakley Stiffs,37,RF,OF,R,R,Scholarly,,B+,0.9,87,67,43,29,80,0,0,0,,CON vs RHP,Bad Ball Hitter,TRUE,2024-01-01,SMB4 Freebooters
91,Sturdy Woodman,38,1B,,L,L,Disciplined,,B-,1.1,63,83,38,39,38,0,0,0,,Durable,,TRUE,2024-01-01,SMB4 Freebooters
92,Gunns Jackman,32,SS,2B,R,R,Competitive,,A-,0.8,93,84,47,46,54,0,0,0,,RBI Hero,Consistent,TRUE,2024-01-01,SMB4 Freebooters
93,Patience Evergreen,27,LF,RF,L,R,Disciplined,,B-,1.1,54,79,54,52,45,0,0,0,,First Pitch Prayer,,TRUE,2024-01-01,SMB4 Freebooters
94,Pomp Duchee,21,1B,3B,R,R,Crafty,,B,1.0,81,42,87,54,65,0,0,0,,Base Jogger,Sign Stealer,TRUE,2024-01-01,SMB4 Freebooters
95,Walker Runs,20,2B,IF,R,R,Competitive,,B-,1.1,46,55,88,48,16,0,0,0,,Rally Starter,,TRUE,2024-01-01,SMB4 Freebooters
96,Jermaine Raines,29,C,1B,R,R,Competitive,,C+,1.2,41,69,16,79,53,0,0,0,,First Pitch Slayer,,TRUE,2024-01-01,SMB4 Freebooters
97,Kache Baskette,22,LF,OF,S,R,Competitive,,B-,1.1,41,50,58,53,72,0,0,0,,POW vs LHP,CON vs LHP,TRUE,2024-01-01,SMB4 Freebooters
98,Kenna Quorn,31,RF,C,R,R,Crafty,,C,1.3,52,26,65,92,68,0,0,0,,Sprinter,,TRUE,2024-01-01,SMB4 Freebooters
99,Landon Fare,28,2B,SS,R,R,Spirited,,C,1.3,44,42,49,67,55,0,0,0,,Pinch Perfect,,TRUE,2024-01-01,SMB4 Freebooters
100,Badhop Brown,26,3B,,R,R,Spirited,,C,1.3,57,83,20,12,34,0,0,0,,Butter Fingers,,TRUE,2024-01-01,SMB4 Freebooters
101,Rocky Backstop,29,C,3B,R,R,Spirited,,C,1.3,24,85,46,41,17,0,0,0,,,,TRUE,2024-01-01,SMB4 Freebooters
102,Winnie Noelle,31,SP,,R,R,Spirited,,A-,0.8,21,27,17,60,0,77,64,70,"4F, 2F, SL, CH",Workhorse,,TRUE,2024-01-01,SMB4 Freebooters
103,Nic Diegez,25,SP,,L,L,Spirited,,A-,0.8,5,16,11,54,0,60,58,90,"2F, CF, CB, SL",Composed,,TRUE,2024-01-01,SMB4 Freebooters
104,Angel Verde,21,SP,,R,R,Disciplined,,B+,0.9,3,19,13,67,0,64,59,84,"4F, CF, CB, SL, CH",,,TRUE,2024-01-01,SMB4 Freebooters
105,Lana Rhymes,31,SP,,R,R,Disciplined,,C,1.3,50,5,29,46,0,23,66,51,"4F, 2F, CB, SL",Surrounded,,TRUE,2024-01-01,SMB4 Freebooters
106,Kent Rathswell,29,SP/RP,,L,L,Crafty,,B-,1.1,1,13,37,16,0,35,60,74,"4F, CB, SL, CH, FK",Metal Head,,TRUE,2024-01-01,SMB4 Freebooters
107,Steamboat Wisselle,28,RP,,R,R,Competitive,,A,0.7,2,12,33,32,0,86,79,62,"4F, 2F, CB",Gets Ahead,Elite 4F,TRUE,2024-01-01,SMB4 Freebooters
108,Grace Loopinovich,36,RP,,R,R,Spirited,,A-,0.8,2,2,32,50,0,65,72,68,"4F, CF, CB, CH",Specialist,Elite CF,TRUE,2024-01-01,SMB4 Freebooters
109,Ryder McPride,29,RP,,R,R,Spirited,,B,1.0,11,7,9,97,0,64,33,78,"4F, 2F, CH",Rally Stopper,Clutch,TRUE,2024-01-01,SMB4 Freebooters
110,Kay Frequin,31,CP,,R,L,Crafty,,S,0.5,8,2,32,34,0,99,84,97,"2F, SB",K Collector,Elite 2F,TRUE,2024-01-01,SMB4 Freebooters
111,Ali Finderre,38,3B,SS,L,R,Scholarly,,A-,0.8,60,92,66,61,72,0,0,0,,Cannon Arm,,TRUE,2024-01-01,SMB4 Grapplers
112,Devon Godsendez,23,1B,3B,L,R,Scholarly,,A-,0.8,92,95,51,30,40,0,0,0,,,,TRUE,2024-01-01,SMB4 Grapplers
113,Joven Bambino,27,RF,LF,L,R,Scholarly,,A-,0.8,94,60,76,71,80,0,0,0,,Bad Jumps,,TRUE,2024-01-01,SMB4 Grapplers
114,Kelby King,31,RF,LF,R,R,Crafty,,B,1.0,89,43,64,21,75,0,0,0,,Mind Gamer,,TRUE,2024-01-01,SMB4 Grapplers
115,Marco Demarco,36,CF,OF,L,L,Spirited,,B,1.0,71,37,86,67,66,0,0,0,,Whiffer,Big Hack,TRUE,2024-01-01,SMB4 Grapplers
116,Zoom Delacruz,28,2B,SS,R,R,Crafty,,B-,1.1,59,9,97,94,46,0,0,0,,Little Hack,,TRUE,2024-01-01,SMB4 Grapplers
117,Ian Fielder,31,3B,IF,R,R,Spirited,,B-,1.1,45,66,60,57,63,0,0,0,,Utility,,TRUE,2024-01-01,SMB4 Grapplers
118,Grizz Senioro,39,C,,L,R,Disciplined,,C,1.3,15,32,63,71,90,0,0,0,,Sign Stealer,,TRUE,2024-01-01,SMB4 Grapplers
119,Biff Noggins,21,LF,C,L,R,Competitive,,C+,1.2,61,42,55,37,73,0,0,0,,Distractor,,TRUE,2024-01-01,SMB4 Grapplers
120,Eduardo Electro,29,SS,2B,R,R,Spirited,,C+,1.2,60,8,81,76,78,0,0,0,,Fastball Hitter,,TRUE,2024-01-01,SMB4 Grapplers
121,Jefe Manzano,37,LF,OF,L,L,Scholarly,,C+,1.2,39,49,67,67,56,0,0,0,,Tough Out,,TRUE,2024-01-01,SMB4 Grapplers
122,Ben Kringer,27,1B,,R,R,Crafty,,C+,1.2,46,63,59,59,72,0,0,0,,Rally Starter,Slow Poke,TRUE,2024-01-01,SMB4 Grapplers
123,Marla Moore,27,C,1B,S,R,Spirited,,C,1.3,29,44,8,64,76,0,0,0,,Consistent,,TRUE,2024-01-01,SMB4 Grapplers
124,Ritonda Black,22,SP,,L,L,Scholarly,,A-,0.8,54,7,5,45,0,70,60,70,"4F, 2F, CF, CB, SL",K Collector,,TRUE,2024-01-01,SMB4 Grapplers
125,Perd Lovelorn,29,SP,,L,R,Scholarly,,B+,0.9,16,3,12,50,0,30,90,86,"4F, CB, CH, FK",Falls Behind,,TRUE,2024-01-01,SMB4 Grapplers
126,Hiro Misano,22,SP,,L,R,Disciplined,,C+,1.2,5,23,49,63,0,30,42,69,"4F, 2F, CB, SL, CH",Choker,,TRUE,2024-01-01,SMB4 Grapplers
127,Bertram Haftberger III,29,SP,,R,R,Crafty,,C-,1.4,14,18,35,58,0,18,54,29,"4F, CB, SL, CH",Pick Officer,,TRUE,2024-01-01,SMB4 Grapplers
128,Lola Nopps,24,SP/RP,,L,L,Scholarly,,C+,1.2,14,51,18,68,0,71,27,55,"4F, 2F, CB, SL",,,TRUE,2024-01-01,SMB4 Grapplers
129,Mack Gunn,29,RP,,R,R,Disciplined,,A+,0.6,11,7,17,79,0,98,68,75,"4F, CF, CB",Gets Ahead,Elite CF,TRUE,2024-01-01,SMB4 Grapplers
130,Rallie Overro,32,RP,,R,R,Competitive,,A+,0.6,53,8,23,69,0,85,77,98,"4F, CB, CH",Rally Stopper,,TRUE,2024-01-01,SMB4 Grapplers
131,Tucker Turlington,37,RP,,L,L,Spirited,,B+,0.9,12,8,7,40,0,53,85,51,"4F, CB, SL, FK",Elite FK,Clutch,TRUE,2024-01-01,SMB4 Grapplers
132,Meggy Meggles,29,RP,,L,R,Disciplined,,C,1.3,6,1,72,61,0,37,63,38,"4F, CB, SL",,,TRUE,2024-01-01,SMB4 Grapplers
133,Raise Ruffo,29,CF,OF,L,L,Competitive,,A,0.7,49,89,78,84,79,0,0,0,,High Pitch,Rally Starter,TRUE,2024-01-01,SMB4 Heaters
134,Slapper Glute,31,LF,C,S,R,Spirited,,A-,0.8,54,90,68,41,85,0,0,0,,Little Hack,,TRUE,2024-01-01,SMB4 Heaters
135,Theodore Stiffner,25,3B,SS,R,R,Competitive,,B,1.0,87,39,94,37,45,0,0,0,,Butter Fingers,,TRUE,2024-01-01,SMB4 Heaters
136,Mantonio Laevo,32,1B,LF,S,R,Competitive,,B,1.0,83,67,39,21,45,0,0,0,,,,TRUE,2024-01-01,SMB4 Heaters
137,Carlton Starr,22,SS,2B,L,R,Competitive,,A-,0.8,42,84,71,85,73,0,0,0,,First Pitch Slayer,,TRUE,2024-01-01,SMB4 Heaters
138,Hank Hart,37,C,,L,R,Spirited,,B,1.0,36,84,54,74,88,0,0,0,,First Pitch Prayer,,TRUE,2024-01-01,SMB4 Heaters
139,Dion Bass,31,2B,SS,R,R,Crafty,,B-,1.1,33,73,82,71,75,0,0,0,,RBI Zero,Base Rounder,TRUE,2024-01-01,SMB4 Heaters
140,Volt Bolter,38,CF,1B/OF,S,R,Scholarly,,B-,1.1,24,45,96,63,79,0,0,0,,,,TRUE,2024-01-01,SMB4 Heaters
141,Maggie Rags,28,2B,IF/OF,S,R,Scholarly,,C+,1.2,26,17,67,92,98,0,0,0,,Utility,,TRUE,2024-01-01,SMB4 Heaters
142,Kimme Smoke,25,C,1B,L,R,Competitive,,B,1.0,53,54,78,68,50,0,0,0,,Volatile,,TRUE,2024-01-01,SMB4 Heaters
143,Bubbles Garcia,26,LF,RF,L,L,Crafty,,C+,1.2,78,47,37,47,45,0,0,0,,East Target,,TRUE,2024-01-01,SMB4 Heaters
144,Buscha Digman,31,SS,3B,R,R,Crafty,,C+,1.2,75,17,49,77,74,0,0,0,,CON vs LHP,,TRUE,2024-01-01,SMB4 Heaters
145,Murky Nubswubbles,28,RF,,L,L,Scholarly,,C+,1.2,57,29,64,15,65,0,0,0,,Sign Stealer,,TRUE,2024-01-01,SMB4 Heaters
146,Elmo Slayer,23,SP,,L,L,Crafty,,S,0.5,16,0,7,79,0,72,94,95,"4F, CB, SL, CH, FK",K Collector,,TRUE,2024-01-01,SMB4 Heaters
147,Bishop Fuller,37,SP,,L,L,Crafty,,A,0.7,5,47,54,52,0,75,83,72,"4F, 2F, CB, SL, CH",Elite 2F,,TRUE,2024-01-01,SMB4 Heaters
148,Air Lovestone,36,SP,,R,R,Spirited,,B-,1.1,5,11,34,44,0,39,42,72,"4F, 2F, CB, SL, FK",Elite FK,Workhorse,TRUE,2024-01-01,SMB4 Heaters
149,Pan Knibbles,26,SP,,R,R,Disciplined,,C-,1.4,16,7,6,47,0,40,19,58,"4F, 2F, CB, CH",,,TRUE,2024-01-01,SMB4 Heaters
150,Boris Biggsworth,26,SP/RP,,R,R,Crafty,,C-,1.4,7,5,0,77,0,52,35,34,"4F, SL, CH",Consistent,,TRUE,2024-01-01,SMB4 Heaters
151,Derr Neverwocker,21,RP,,R,R,Crafty,,A+,0.6,5,15,54,71,0,90,87,73,"4F, 2F, CB, SL",Composed,,TRUE,2024-01-01,SMB4 Heaters
152,Splash Cashmore,37,RP,,L,R,Spirited,,B-,1.1,18,2,50,52,0,74,13,67,"4F, CF, CH",Reverse Splits,,TRUE,2024-01-01,SMB4 Heaters
153,Huck Enduck,23,RP,,L,R,Competitive,,C-,1.4,69,8,20,8,0,43,35,42,"4F, CB, SL",Wild Thing,,TRUE,2024-01-01,SMB4 Heaters
154,Simba Delano,26,RP,,R,R,Disciplined,,C-,1.4,12,12,53,24,0,58,32,29,"4F, CH",Rally Stopper,,TRUE,2024-01-01,SMB4 Heaters
155,Morton Stanberg,28,LF,OF,L,L,Spirited,,A-,0.8,60,64,86,72,85,0,0,0,,High Pitch,Cannon Arm,TRUE,2024-01-01,SMB4 Herbisaurs
156,Henry Hampster,30,3B,1B,R,R,Crafty,,B+,0.9,62,64,88,80,86,0,0,0,,Big Hack,,TRUE,2024-01-01,SMB4 Herbisaurs
157,Grunt Manly,32,1B,3B,L,R,Competitive,,B+,0.9,59,77,66,69,69,0,0,0,,RBI Hero,,TRUE,2024-01-01,SMB4 Herbisaurs
158,Juan Rojas,31,RF,C,R,R,Spirited,,B,1.0,60,57,71,84,87,0,0,0,,Magic Hands,,TRUE,2024-01-01,SMB4 Herbisaurs
159,Milo Stewart,29,SS,2B,R,R,Competitive,,B,1.0,26,68,73,97,96,0,0,0,,Rally Starter,,TRUE,2024-01-01,SMB4 Herbisaurs
160,Yoink Sax,27,CF,1B/OF,R,R,Disciplined,,B,1.0,50,39,91,89,95,0,0,0,,Stealer,,TRUE,2024-01-01,SMB4 Herbisaurs
161,Annabella Stokes,22,2B,SS,R,R,Competitive,,B,1.0,22,70,92,98,66,0,0,0,,Dive Wizard,,TRUE,2024-01-01,SMB4 Herbisaurs
162,Fiona Clark,24,C,,R,R,Scholarly,,B-,1.1,41,25,54,82,99,0,0,0,,POW vs LHP,,TRUE,2024-01-01,SMB4 Herbisaurs
163,Ralph Blue,31,SS,IF/OF,R,R,Disciplined,,B-,1.1,77,54,42,60,60,0,0,0,,RBI Zero,Little Hack,TRUE,2024-01-01,SMB4 Herbisaurs
164,Stevo Reeves,29,LF,1B,R,R,Spirited,,C+,1.2,12,88,74,56,65,0,0,0,,Pinch Perfect,,TRUE,2024-01-01,SMB4 Herbisaurs
165,Chilli Little,21,RF,OF,L,L,Competitive,,C+,1.2,73,29,47,49,69,0,0,0,,Mind Gamer,,TRUE,2024-01-01,SMB4 Herbisaurs
166,Nate Hanky,31,C,1B,L,R,Crafty,,C+,1.2,49,64,34,38,54,0,0,0,,Sign Stealer,,TRUE,2024-01-01,SMB4 Herbisaurs
167,Whopper Batsman,23,2B,,R,R,Disciplined,,C,1.3,81,15,50,49,37,0,0,0,,Tough Out,,TRUE,2024-01-01,SMB4 Herbisaurs
168,Gem Qualita,32,SP,,R,R,Scholarly,,A-,0.8,19,74,33,94,0,72,57,78,"4F, 2F, CF, CB, SL",Composed,Easy Jumps,TRUE,2024-01-01,SMB4 Herbisaurs
169,Dick Lukas,21,SP,,R,R,Spirited,,B+,0.9,6,34,63,73,0,46,73,66,"4F, CB, SL, CH, FK",Gets Ahead,,TRUE,2024-01-01,SMB4 Herbisaurs
170,Olaff Slakov,36,SP,,L,R,Disciplined,,B,1.0,33,4,13,62,0,83,20,72,"4F, SL, CH, FK",Elite 4F,Volatile,TRUE,2024-01-01,SMB4 Herbisaurs
171,Tussker Fuss,29,SP,,R,R,Disciplined,,B,1.0,11,34,52,38,0,68,44,75,"4F, 2F, CB, CH",Meltdown,,TRUE,2024-01-01,SMB4 Herbisaurs
172,Sal Slinger,28,SP/RP,,L,L,Disciplined,,A-,0.8,65,14,38,75,0,75,46,95,"4F, 2F, SL, CH",,,TRUE,2024-01-01,SMB4 Herbisaurs
173,Chuck Filthwick,31,RP,,R,R,Competitve,,A,0.7,2,5,25,73,0,63,96,79,"4F, 2F, SL",,,TRUE,2024-01-01,SMB4 Herbisaurs
174,Leonar Ramiro,37,RP,,R,R,Competitve,,C+,1.2,4,24,93,95,0,72,35,30,"4F, 2F, CF, CB",Surrounded,,TRUE,2024-01-01,SMB4 Herbisaurs
175,Omar Chombo,19,RP,,R,R,Competitve,,D+,1.5,5,5,25,46,0,63,25,21,"4F, 2F, CB",Choker,,TRUE,2024-01-01,SMB4 Herbisaurs
176,Elrick Rippin,38,CP,,L,R,Scholarly,,C-,1.4,13,3,6,50,0,82,8,36,"4F, SL",K Neglector,Rally Stopper,TRUE,2024-01-01,SMB4 Herbisaurs
177,Stan Elyve,29,LF,C,R,R,Spirited,,B+,0.9,84,81,68,18,25,0,0,0,,Tough Out,,TRUE,2024-01-01,SMB4 Hot Corners
178,Beau Belter,29,CF,OF,R,R,Scholarly,,A-,0.8,95,80,76,31,20,0,0,0,,Fastball Hitter,,TRUE,2024-01-01,SMB4 Hot Corners
179,Nora Homes,31,SS,IF/OF,R,R,Disciplined,,B+,0.9,77,95,50,34,48,0,0,0,,Sprinter,,TRUE,2024-01-01,SMB4 Hot Corners
180,Jeb Jumps,21,2B,,L,R,Spirited,,B+,0.9,85,92,62,34,12,0,0,0,,Whiffer,Stealer,TRUE,2024-01-01,SMB4 Hot Corners
181,Bobby Bashe,24,3B,IF,R,R,Spirited,,B+,0.9,95,80,76,31,20,0,0,0,,Off-Speed Hitter,Wild Thrower,TRUE,2024-01-01,SMB4 Hot Corners
182,Dirk Sportswood,31,1B,,R,R,Spirited,,B,1.0,70,89,39,64,68,0,0,0,,Butter Fingers,Stimulated,TRUE,2024-01-01,SMB4 Hot Corners
183,Geronimo James,29,CF,OF,L,L,Disciplined,,B,1.0,18,74,76,97,80,0,0,0,,Con vs RHP,,TRUE,2024-01-01,SMB4 Hot Corners
184,Tiny deGrande,25,C,,R,R,Competitive,,B-,1.1,84,46,39,32,68,0,0,0,,Rally Starter,,TRUE,2024-01-01,SMB4 Hot Corners
185,Stu Berko,35,1B,,R,L,Scholarly,,B-,1.1,64,92,34,32,46,0,0,0,,First Pitch Slayer,,TRUE,2024-01-01,SMB4 Hot Corners
186,Randy Mann,27,2B,SS,L,R,Crafty,,B-,1.1,70,65,46,20,54,0,0,0,,Little Hack,,TRUE,2024-01-01,SMB4 Hot Corners
187,Nori Miyoshi,30,LF,OF,R,L,Crafty,,B-,1.1,54,61,59,91,23,0,0,0,,Con vs LHP,,TRUE,2024-01-01,SMB4 Hot Corners
188,Seymour Scoks,32,RF,OF,R,R,Crafty,,C+,1.2,7,58,85,62,94,0,0,0,,Base Rounder,Bunter,TRUE,2024-01-01,SMB4 Hot Corners
189,Lars Stadkeleef,32,C,1B,R,R,Competitive,,D+,1.5,37,34,6,74,60,0,0,0,,,,TRUE,2024-01-01,SMB4 Hot Corners
190,Noah Kaiser,22,SP,,R,R,Disciplined,,A-,0.8,28,40,33,24,0,62,67,85,"4F, 2F, CB, SL, FK",Injury Prone,,TRUE,2024-01-01,SMB4 Hot Corners
191,Dot Dacornas,29,SP,,R,R,Disciplined,,B+,0.9,27,11,23,37,0,62,67,85,"4F,2F,CB,SL,FK",Gets Ahead,,TRUE,2024-01-01,SMB4 Hot Corners
192,Yolanda Cooper,21,SP,,R,L,Competitive,,B+,0.9,7,34,19,50,0,74,49,92,"4F, CF, SL, CH",Falls Behind,,TRUE,2024-01-01,SMB4 Hot Corners
193,Terrok Smith,19,SP,,R,R,Disciplined,,C,1.3,11,13,28,48,0,43,25,62,"4F, CF, CB, CH",Elite 4F,,TRUE,2024-01-01,SMB4 Hot Corners
194,Rachel Rhubarb,30,SP/RP,,L,L,Disciplined,,C+,1.2,11,1,19,33,0,70,22,65,"4F, 2F, SL, CH",,,TRUE,2024-01-01,SMB4 Hot Corners
195,Joseph Broseph,37,RP,,L,L,Crafty,,B+,0.9,1,9,43,20,0,88,66,58,"4F, 2F, SL",Composed,,TRUE,2024-01-01,SMB4 Hot Corners
196,Amazo Haze,21,RP,,R,R,Scholarly,,B+,0.9,46,4,13,11,0,38,97,56,"4F, CB, SL, CH",Reverse Splits,,TRUE,2024-01-01,SMB4 Hot Corners
197,Grump Everbright,38,RP,,L,L,Scholarly,,B-,1.1,8,16,14,75,0,39,66,52,"4F, CB, SB",Elite SB,,TRUE,2024-01-01,SMB4 Hot Corners
198,Sirloin Jones,37,CP,,R,R,Competitive,,B+,0.9,17,5,48,29,0,87,61,59,"4F, 2F, CH",Crossed Up,,TRUE,2024-01-01,SMB4 Hot Corners
199,Jack Cracker,28,LF,1B/OF,L,R,Scholarly,,B+,0.9,81,94,33,50,66,0,0,0,,,,TRUE,2024-01-01,SMB4 Jacks
200,Huffly Buffler,25,2B,SS,R,R,Crafty,,B+,0.9,91,90,28,75,58,0,0,0,,Slow Poke,Noodle Arm,TRUE,2024-01-01,SMB4 Jacks
201,Juice Jackson,22,3B,SS,R,R,Spirited,,A,0.7,95,88,43,68,70,0,0,0,,Off-Speed Hitter,Stimulated,TRUE,2024-01-01,SMB4 Jacks
202,Log Freely,29,LF,OF,R,R,Crafty,,B,1.0,77,66,49,57,71,0,0,0,,Inside Pitch,,TRUE,2024-01-01,SMB4 Jacks
203,Razi Dazzler,27,CF,OF,R,R,Spirited,,B+,0.9,83,62,63,93,49,0,0,0,,Tough Out,,TRUE,2024-01-01,SMB4 Jacks
204,Rob Glover,21,SS,IF,R,R,Crafty,,B-,1.1,10,78,83,83,54,0,0,0,,Magic Hands,,TRUE,2024-01-01,SMB4 Jacks
205,Downtown Upton,37,1B,C,L,R,Disciplined,,B-,1.1,65,67,48,50,31,0,0,0,,CON vs RHP,,TRUE,2024-01-01,SMB4 Jacks
206,Tuff Lift,31,C,1B,R,R,Crafty,,B,1.0,74,67,8,97,70,0,0,0,,,,TRUE,2024-01-01,SMB4 Jacks
207,Yoyo Yamamoto,29,3B,1B,R,R,Disciplined,,B,1.0,50,86,34,66,86,0,0,0,,Ace Exterminator,,TRUE,2024-01-01,SMB4 Jacks
208,Betty Sparks,27,RF,,R,R,Scholarly,,C+,1.2,97,26,37,21,64,0,0,0,,,,TRUE,2024-01-01,SMB4 Jacks
209,Bruno Adamo,31,2B,SS,R,R,Scholarly,,B-,1.1,16,89,87,41,54,0,0,0,,Distractor,,TRUE,2024-01-01,SMB4 Jacks
210,Batch Wilson,38,CF,OF,L,L,Spirted,,B,1.0,39,75,52,77,71,0,0,0,,Bad Ball Hitter,,TRUE,2024-01-01,SMB4 Jacks
211,Clutch Cormen,37,C,,L,R,Scholarly,,B,1.0,44,89,49,10,66,0,0,0,,Clutch,,TRUE,2024-01-01,SMB4 Jacks
212,Donk Oh,20,SP,,R,L,Scholarly,,B+,0.9,29,48,5,63,0,54,57,95,"4F, CB, SL, CH",Metal Head,,TRUE,2024-01-01,SMB4 Jacks
213,Alberto Roberto,37,SP,,L,R,Crafty,,B-,1.1,11,18,20,43,0,16,72,64,"4F, CB, SL, CH, FK",Elite FK,,TRUE,2024-01-01,SMB4 Jacks
214,Barry Ozone,24,SP,,L,R,Scholarly,,C+,1.2,30,5,18,59,0,27,71,34,"4F, 2F, CB, SB",Elite SB,,TRUE,2024-01-01,SMB4 Jacks
215,Bella Mietballe,32,SP,,L,L,Competitive,,C,1.3,39,64,11,93,0,14,25,34,"4F, 2F, CB, SL, CH",Meltdown,,TRUE,2024-01-01,SMB4 Jacks
216,Stitch Gripowski,23,SP/RP,,S,L,Competitve,,B+,0.9,13,42,16,47,0,46,67,83,"4F, CF, CH, FK",Surrounded,Elite CF,TRUE,2024-01-01,SMB4 Jacks
217,Immaculo Spectaculo,25,RP,,R,R,Spirited,,A+,0.6,2,12,11,56,0,84,95,79,"4F, SL, CH",Crossed Up,,TRUE,2024-01-01,SMB4 Jacks
218,Ellain Munstar,23,RP,,L,R,Spirited,,B+,0.9,15,5,11,35,0,90,39,73,"4F, 2F, CB",,,TRUE,2024-01-01,SMB4 Jacks
219,Kisha Musharra,26,RP,,R,R,Spirited,,C-,1.4,12,12,41,58,0,68,13,32,"4F, 2F, CH",Elite CH,,TRUE,2024-01-01,SMB4 Jacks
220,Chico Lapada,31,CP,,L,R,Scholarly,,A-,0.8,8,17,24,71,0,79,96,62,"4F, CF, SL",BB Prone,Easy Jumps,TRUE,2024-01-01,SMB4 Jacks
221,Herbert Hackman,28,3B,2B,R,R,Competitive,,B-,1.1,84,68,39,26,55,0,0,0,,Big Hack,,TRUE,2024-01-01,SMB4 Moonstars
222,Nance Tools,29,SS,OF,R,R,Disciplined,,A-,0.8,86,75,69,87,48,0,0,0,,Stealer,Utility,TRUE,2024-01-01,SMB4 Moonstars
223,Testy Osteroni,30,1B,2B,L,R,Scholarly,,B+,0.9,91,55,65,31,80,0,0,0,,Injury Prone,,TRUE,2024-01-01,SMB4 Moonstars
224,Gustav Gustavson,38,LF,OF,R,R,Crafty,,B-,1.1,83,57,27,30,45,0,0,0,,RBI Zero,Fastball Hitter,TRUE,2024-01-01,SMB4 Moonstars
225,Boo Louis,31,C,LF,R,R,Disciplined,,B,1.0,47,68,46,86,81,0,0,0,,Rally Starter,,TRUE,2024-01-01,SMB4 Moonstars
226,Windy Wheels,32,CF,OF,L,L,Disciplined,,B,1.0,47,58,94,63,46,0,0,0,,Easy Target,Sprinter,TRUE,2024-01-01,SMB4 Moonstars
227,Lacky Luster,29,RF,C,R,R,Scholarly,,C+,1.2,49,57,71,44,66,0,0,0,,Bad Jumps,Slowpoke,TRUE,2024-01-01,SMB4 Moonstars
228,Pepe Vinicio,22,2B,3B,R,R,Competitive,,C+,1.2,27,61,82,74,32,0,0,0,,Bad Ball Hitter,,TRUE,2024-01-01,SMB4 Moonstars
229,Rusty Bustum,19,1B,,R,R,Crafty,,C+,1.2,63,79,29,26,21,0,0,0,,,,TRUE,2024-01-01,SMB4 Moonstars
230,Elija Gobbleson,20,SS,IF,L,R,Spirited,,C,1.3,41,45,29,64,72,0,0,0,,,,TRUE,2024-01-01,SMB4 Moonstars
231,Raffy Slaps,29,3B,1B,R,R,Scholarly,,C,1.3,54,40,51,52,54,0,0,0,,Sign Stealer,,TRUE,2024-01-01,SMB4 Moonstars
232,Clubber Buff,36,C,,R,R,Crafty,,C+,1.2,75,45,42,29,63,0,0,0,,Little Hack,,TRUE,2024-01-01,SMB4 Moonstars
233,Clyde Oliver,35,LF,OF,R,R,Competitive,,C,1.3,37,65,34,64,35,0,0,0,,Pinch Perfect,,TRUE,2024-01-01,SMB4 Moonstars
234,Dale Nale,37,RF,LF,L,L,Spirited,,C+,1.2,57,68,18,50,63,0,0,0,,Ace Exterminator,,TRUE,2024-01-01,SMB4 Moonstars
235,Alisha Woodrow,25,SP,,R,R,Competitive,,S,0.5,30,4,23,64,0,87,77,99,"4F, 2F, CB, SL, CH",Gets Ahead,,TRUE,2024-01-01,SMB4 Moonstars
236,Slip Sauder,27,SP,,R,L,Disciplined,,A+,0.6,3,11,39,43,0,82,88,87,"4F, 2F, CF, SL, CH",,,TRUE,2024-01-01,SMB4 Moonstars
237,Vern Turnburner,26,SP,,L,L,Disciplined,,B+,0.9,44,4,38,66,0,94,60,44,"4F, 2F, SL, SB, CH",Elite CH,,TRUE,2024-01-01,SMB4 Moonstars
238,Durn Wonderfloss,38,SP,,L,L,Disciplined,,B-,1.1,18,11,2,89,0,54,72,39,"4F, CF, CB, SL",Crossed Up,,TRUE,2024-01-01,SMB4 Moonstars
239,Deft Weddums,29,SP,,R,R,Spirited,,B-,1.1,11,14,4,58,0,44,47,69,"4F, CB, SL",Elite CB,Metal Head,TRUE,2024-01-01,SMB4 Moonstars
240,Bert Bergerer,31,RP,,R,R,Crafty,,B+,0.9,15,1,10,21,0,85,72,55,"4F, CB, CH",Reverse Splits,,TRUE,2024-01-01,SMB4 Moonstars
241,Taylor McWhales,29,RP,,R,R,Disciplined,,B+,0.9,3,13,16,48,0,99,51,62,"4F, 2F, CB",Rally Stopper,Durable,TRUE,2024-01-01,SMB4 Moonstars
242,Lil Bupton,33,CP,,L,L,Disciplined,,B+,0.9,9,1,3,26,0,54,96,64,"4F, SL",K Collector,Elite SL,TRUE,2024-01-01,SMB4 Moonstars
243,Heroniumus Jackson,31,CF,OF,R,L,Spirited,,B+,0.9,89,59,62,60,49,0,0,0,,Outside Pitch,,TRUE,2024-01-01,SMB4 Moose
244,Rip Dingers,25,3B,SS,R,R,Disciplined,,B,1.0,97,50,40,42,90,0,0,0,,POW vs LHP,Low Pitch,TRUE,2024-01-01,SMB4 Moose
245,Perry Quaker,31,1B,,R,R,Crafty,,B-,1.1,88,60,40,31,44,0,0,0,,Clitch,,TRUE,2024-01-01,SMB4 Moose
246,Irene Fast,38,RF,C,R,R,Competitive,,B,1.0,84,43,93,48,66,0,0,0,,First Pitch Prayer,Base Rounder,TRUE,2024-01-01,SMB4 Moose
247,Nacho Crisp,27,SS,2B,L,R,Crafty,,B,1.0,70,53,61,69,69,0,0,0,,Distractor,,TRUE,2024-01-01,SMB4 Moose
248,Buck Swiner,25,LF,RF,L,R,Competitive,,B-,1.1,74,40,66,81,71,0,0,0,,Volatile,,TRUE,2024-01-01,SMB4 Moose
249,Fred Bobbit,31,2B,SS,L,R,Spirited,,B,1.0,52,86,38,51,41,0,0,0,,Sprinter,,TRUE,2024-01-01,SMB4 Moose
250,Roman Rhoades,31,C,1B,S,R,Disciplined,,B-,1.1,64,27,35,72,61,0,0,0,,Tough Out,,TRUE,2024-01-01,SMB4 Moose
251,Stallion Johnson,21,LF,OF,L,L,Disciplined,,B,1.0,50,55,87,32,44,0,0,0,,Off-Speed Hitter,,TRUE,2024-01-01,SMB4 Moose
252,Pedro Nixon,28,C,RF,S,R,Competitive,,B-,1.1,83,54,14,33,52,0,0,0,,,,TRUE,2024-01-01,SMB4 Moose
253,Hose Tremendo,29,RF,OF,L,L,Spirited,,B,1.0,61,53,64,85,98,0,0,0,,Cannon Arm,,TRUE,2024-01-01,SMB4 Moose
254,Lionel Martinez,34,1B,LF,R,R,Competitive,,C,1.3,56,45,31,91,40,0,0,0,,Pinch Perfect,,TRUE,2024-01-01,SMB4 Moose
255,Wiggles Freeman,28,SS,3B,L,R,Crafty,,C,1.3,33,61,45,50,56,0,0,0,,,,TRUE,2024-01-01,SMB4 Moose
256,Rhiannon Cannon,32,SP,,L,R,Crafty,,A-,0.8,29,39,19,65,0,83,49,70,"4F, CF, CB, SL, CH",Elite 4F,,TRUE,2024-01-01,SMB4 Moose
257,Joeffrey Rockman,37,SP,,L,L,Disciplined,,B+,0.9,6,3,10,65,0,72,32,95,"4F, 2F, SL, CH",,,TRUE,2024-01-01,SMB4 Moose
258,Sancha Silvio,21,SP,,R,R,Scholarly,,B,1.0,7,3,9,6,0,68,42,89,"4F, CB, CH, FK",Wild Thing,,TRUE,2024-01-01,SMB4 Moose
259,Raul Strikes,28,SP,,R,R,Scholarly,,B,1.0,42,10,9,65,0,38,64,71,"4F, CB, SL, CH",Gets Ahead,,TRUE,2024-01-01,SMB4 Moose
260,Swirly Cutstiff,21,SP/RP,,L,L,Scholarly,,B,1.0,18,44,37,57,0,67,83,35,"CF,CB,SL,SB",Elite CF,Choker,TRUE,2024-01-01,SMB4 Moose
261,Felix Farmhand,19,SP,,L,R,Spirited,,C-,1.4,30,7,29,40,0,26,28,59,"4F, SL, CH",,,TRUE,2024-01-01,SMB4 Moose
262,Charlie Best,31,RP,,L,L,Competitive,,A+,0.6,3,13,5,82,0,74,93,86,"4F, 2F, CB, CH",Elite CB,,TRUE,2024-01-01,SMB4 Moose
263,Carla Tolbert,29,RP,,R,R,Scholarly,,B-,1.1,4,2,8,43,0,65,76,43,"4F, CF, SL, CH",K Neglecter,,TRUE,2024-01-01,SMB4 Moose
264,Klaus D'Gayme,30,CP,,R,R,Spirited,,B+,0.9,28,7,15,42,0,75,84,56,"4F, CB",Rally Stopper,,TRUE,2024-01-01,SMB4 Moose
265,Jackie Slam,31,CF,OF,L,R,Disciplined,,A+,0.6,81,98,68,84,65,0,0,0,,RBI Hero,Ace Exterminator,TRUE,2024-01-01,SMB4 Nemesis
266,Jock Sports,29,SS,2B,L,R,Disciplined,,A+,0.6,89,98,57,93,71,0,0,0,,Cannon Arm,,TRUE,2024-01-01,SMB4 Nemesis
267,Javier Hautier,21,2B,SS,L,R,Competitive,,B+,0.9,93,66,41,65,47,0,0,0,,Whiffer,,TRUE,2024-01-01,SMB4 Nemesis
268,Hito Moonshota,28,3B,1B,R,R,Crafty,,A-,0.8,98,68,30,88,93,0,0,0,,High Pitch,,TRUE,2024-01-01,SMB4 Nemesis
269,Mash Taters,23,1B,,L,L,Crafty,,B+,0.9,95,74,27,65,75,0,0,0,,,,TRUE,2024-01-01,SMB4 Nemesis
270,Javy Yatter,29,RF,LF,S,L,Competitive,,A-,0.8,81,81,35,89,81,0,0,0,,RBI Zero,Outside Pitch,TRUE,2024-01-01,SMB4 Nemesis
271,Stacy Staples,37,C,1B,S,R,Disciplined,,B+,0.9,70,70,22,74,69,0,0,0,,Slow Poke,,TRUE,2024-01-01,SMB4 Nemesis
272,Brine Pickleford,31,LF,RF,R,R,Crafty,,B-,1.1,69,54,70,63,34,0,0,0,,Mind Gamer,,TRUE,2024-01-01,SMB4 Nemesis
273,Churl Dangerfield,22,CF,1B/OF,L,L,Scholarly,,B-,1.1,54,40,65,78,95,0,0,0,,Dive Wizard,,TRUE,2024-01-01,SMB4 Nemesis
274,Amy Zoner,27,SS,3B,S,R,Crafty,,B-,1.1,28,58,57,65,68,0,0,0,,CON vs LHP,Inside Pitch,TRUE,2024-01-01,SMB4 Nemesis
275,Flash Leathar,28,2B,IF,R,R,Scholarly,,C+,1.2,51,22,64,95,80,0,0,0,,Magic Hands,,TRUE,2024-01-01,SMB4 Nemesis
276,Gabby Ganez,31,RF,C,R,R,Scholarly,,C+,1.2,50,63,74,49,29,0,0,0,,Durable,,TRUE,2024-01-01,SMB4 Nemesis
277,Mimori Aoshima,25,C,3B,L,R,Scholarly,,B-,1.1,73,43,37,27,90,0,0,0,,,,TRUE,2024-01-01,SMB4 Nemesis
278,Ansel Carouse,25,SP,,L,L,Disciplined,,A-,0.8,32,11,28,71,0,65,60,70,"4F, 2F, CB, SL, CH",Workhorse,,TRUE,2024-01-01,SMB4 Nemesis
279,Heidi Mabettes,38,SP,,R,R,Scholarly,,B+,0.9,20,6,30,45,0,47,51,86,"4F, CF, CB, SL, CH",Elite SL,,TRUE,2024-01-01,SMB4 Nemesis
280,Mark Harbourmouth,34,SP,,R,R,Scholarly,,B-,1.1,77,17,8,82,0,50,40,57,"4F, CF, SL, CH",Elite CF,,TRUE,2024-01-01,SMB4 Nemesis
281,Deuce Stacker,27,SP,,R,R,Scholarly,,C,1.3,22,22,12,42,0,22,72,22,"4F, 2F, CB, FK",Elite CB,,TRUE,2024-01-01,SMB4 Nemesis
282,Jacob Marshmallow,24,SP/RP,,R,R,Scholarly,,C,1.3,1,5,20,72,0,37,36,54,"4F, CB, SL, CH, FK",,,TRUE,2024-01-01,SMB4 Nemesis
283,Binky Stevens,37,RP,,R,R,Spirited,,B-,1.1,3,2,18,13,0,65,34,81,"4F, 2F, FK",Falls Behind,,TRUE,2024-01-01,SMB4 Nemesis
284,Lucy Finnegans,28,RP,,L,R,Competitive,,C+,1.2,25,28,43,60,0,53,69,29,"4F, 2F, SL",Elite 2F,,TRUE,2024-01-01,SMB4 Nemesis
285,Babette Walkman,26,RP,,R,R,Crafty,,C-,1.4,33,1,34,70,0,49,51,17,"4F, CB, CH",BB Prone,,TRUE,2024-01-01,SMB4 Nemesis
286,Lawrence Wimple,19,CP,,L,L,Spirited,,B-,1.1,19,1,14,96,0,68,50,39,"4F, SL",Gets Ahead,,TRUE,2024-01-01,SMB4 Nemesis
287,Guy Gold,29,LF,C,L,R,Competitive,,B,1.0,62,92,51,25,44,0,0,0,,,,TRUE,2024-01-01,SMB4 Overdogs
288,Sakda Song,25,1B,RF,R,R,Disciplined,,S,0.5,80,93,90,82,57,0,0,0,,POW vs PHP,Off-Speed Hitter,TRUE,2024-01-01,SMB4 Overdogs
289,Kasha Emyn,35,SS,2B,R,R,Competitive,,B+,0.9,64,77,86,67,44,0,0,0,,RBI Hero,,TRUE,2024-01-01,SMB4 Overdogs
290,Rhonda Horne,31,3B,1B,L,R,Scholarly,,A-,0.8,94,69,83,46,45,0,0,0,,Whiffer,,TRUE,2024-01-01,SMB4 Overdogs
291,Anton Goodwood,31,C,1B,S,R,Disciplined,,B+,0.9,69,64,79,43,63,0,0,0,,Slow Poke,,TRUE,2024-01-01,SMB4 Overdogs
292,Robbin Yew,38,LF,RF,L,R,Competitive,,B,1.0,62,51,78,83,32,0,0,0,,Stealer,Magic Hands,TRUE,2024-01-01,SMB4 Overdogs
293,Elroy Action,21,2B,SS,R,R,Spirited,,B+,0.9,37,89,98,38,37,0,0,0,,First Pitch Slayer,,TRUE,2024-01-01,SMB4 Overdogs
294,Yvette Victorino,32,CF,OF,R,L,Crafty,,C+,1.2,58,37,80,59,55,0,0,0,,,,TRUE,2024-01-01,SMB4 Overdogs
295,Casper Stern,28,RF,1B/OF,R,L,Competitive,,B-,1.1,50,54,48,68,74,0,0,0,,Low Pitch,Mind Gamer,TRUE,2024-01-01,SMB4 Overdogs
296,Raphael Gonzolo,28,1B,LF,L,L,Scholarly,,B-,1.1,65,38,85,43,20,0,0,0,,Con vs RPH,,TRUE,2024-01-01,SMB4 Overdogs
297,Samuel Perez,31,C,,R,R,Crafty,,B-,1.1,73,43,55,70,36,0,0,0,,Pinch Perfect,,TRUE,2024-01-01,SMB4 Overdogs
298,Dick Burger,29,3B,,R,R,Crafty,,C+,1.2,97,16,65,36,42,0,0,0,,Sign Stealer,,TRUE,2024-01-01,SMB4 Overdogs
299,Digg Efforto,21,SS,IF,R,R,Competitive,,D,1.5,7,27,31,87,69,0,0,0,,Utility,Easy Target,TRUE,2024-01-01,SMB4 Overdogs
300,Larry La'Joy,31,SP,,R,L,Scholarly,,B,1.0,3,4,30,32,0,45,77,62,"4F, CB, SL, SB",Elite SB,,TRUE,2024-01-01,SMB4 Overdogs
301,Chasey Kim,35,SP,,S,R,Scholarly,,B,1.0,17,6,50,39,0,92,44,47,"4F, 2F, SL, FK",Consistent,,TRUE,2024-01-01,SMB4 Overdogs
302,Werner Bergenberg,22,SP,,R,R,Scholarly,,B-,1.1,5,23,50,61,0,56,40,68,"4F, CF, SL, CH",Elite SL,,TRUE,2024-01-01,SMB4 Overdogs
303,Carrie Wayward,29,SP,,L,R,Crafty,,C,1.3,3,34,62,85,0,18,46,52,"CF, CB, SL, CH",,,TRUE,2024-01-01,SMB4 Overdogs
304,Slick Pickman,36,SP/RP,,L,L,Scholarly,,B+,0.9,15,11,5,39,0,71,75,60,"4F,2F,SL,CH",Pick Officer,,TRUE,2024-01-01,SMB4 Overdogs
305,Brawn Thunderchump,27,RP,,L,L,Scholarly,,B+,0.9,4,5,21,73,0,53,82,68,"4F, CB, CH",Choker,,TRUE,2024-01-01,SMB4 Overdogs
306,David Diggler,29,RP,,R,R,Spirited,,B,1.0,26,25,88,86,0,87,64,30,"4F, 2F, CB",BB Prone,,TRUE,2024-01-01,SMB4 Overdogs
307,Rocket Ramon,27,RP,,R,R,Spirited,,B-,1.1,25,17,70,48,0,74,69,25,"4F, SL, CH",Elite 4F,,TRUE,2024-01-01,SMB4 Overdogs
308,Doug Nerdwerd,37,RP,,L,R,Spirited,,B-,1.1,11,31,87,71,0,54,68,32,"4F, 2F, CB, SL, CH",Elite CB,,TRUE,2024-01-01,SMB4 Overdogs
309,Kitty Kauffman,21,2B,3B,R,R,Scholarly,,B+,0.9,32,94,93,51,52,0,0,0,,Bad Ball Hitter,,TRUE,2024-01-01,SMB4 Platypi
310,Beefcake McStevens,27,3B,SS,R,R,Disciplined,,A,0.7,83,96,74,57,65,0,0,0,,POW vs LHP,High Pitch,TRUE,2024-01-01,SMB4 Platypi
311,Herra O'Wuggliems,21,RF,C,L,R,Spirited,,B+,0.9,44,84,40,82,76,0,0,0,,Off-Speed Hitter,Cannon Arm,TRUE,2024-01-01,SMB4 Platypi
312,Muffin Studwick,35,LF,1B/OF,R,R,Disciplined,,B,1.0,52,87,59,74,47,0,0,0,,Fastball Hitter,Noodle Arm,TRUE,2024-01-01,SMB4 Platypi
313,Willy Bacon,32,CF,OF,R,L,Crafty,,B+,0.9,51,82,71,73,56,0,0,0,,Outside Pitch,,TRUE,2024-01-01,SMB4 Platypi
314,Scooter Sandbrick,37,1B,3B,L,R,Scholarly,,B,1.0,62,76,67,59,49,0,0,0,,RBI Zero,,TRUE,2024-01-01,SMB4 Platypi
315,Charley Lopez,38,SS,2B,R,R,Disciplined,,B+,0.9,21,98,70,84,76,0,0,0,,Ace Exterminator,,TRUE,2024-01-01,SMB4 Platypi
316,Tugboat Thomas,32,C,,R,R,Disciplined,,B-,1.1,59,62,24,79,68,0,0,0,,,,TRUE,2024-01-01,SMB4 Platypi
317,Kerry Cartman,34,2B,SS,R,R,Spirited,,B-,1.1,39,60,84,60,64,0,0,0,,Big Hack,,TRUE,2024-01-01,SMB4 Platypi
318,Rory Crowds,23,LF,1B,R,L,Disciplined,,C+,1.2,67,46,61,62,37,0,0,0,,Inside Pitch,,TRUE,2024-01-01,SMB4 Platypi
319,Sky Rodriguez,27,3B,,R,R,Spirited,,C+,1.2,94,38,43,8,58,0,0,0,,CON vs LHP,,TRUE,2024-01-01,SMB4 Platypi
320,Linda Hand,31,RF,OF,L,R,Disciplined,,B-,1.1,53,38,82,60,95,0,0,0,,Magic Hands,,TRUE,2024-01-01,SMB4 Platypi
321,Chase Tibuhle,37,C,1B,R,R,Competitive,,C,1.3,27,30,57,74,93,0,0,0,,First Pitch Slayer,,TRUE,2024-01-01,SMB4 Platypi
322,Ace von Acesson,29,SP,,R,L,Spirited,,A,0.7,15,32,16,96,0,65,84,78,"4F, 2F, CB, SL, CH",K Collector,,TRUE,2024-01-01,SMB4 Platypi
323,Stooby Tubrek,31,SP,,L,R,Scholarly,,B+,0.9,4,37,9,65,0,57,46,87,"4F, 2F, CB, CH",Elite CH,,TRUE,2024-01-01,SMB4 Platypi
324,Rusty Nozzle,28,SP,,R,R,Spirited,,C+,1.2,13,19,9,74,0,56,42,51,"4F, CF, CB, SL",Injury Prone,,TRUE,2024-01-01,SMB4 Platypi
325,Rufus Zumar,29,SP/RP,,R,R,Competitive,,B+,0.9,7,40,10,64,0,52,66,81,"4F, 2F, CB, SL, FK",Crossed Up,,TRUE,2024-01-01,SMB4 Platypi
326,Shirley Indiere,29,SP,,R,R,Scholarly,,B-,1.1,6,7,20,18,0,56,31,72,"4F, 2F, CB, SL",Gets Ahead,,TRUE,2024-01-01,SMB4 Platypi
327,Chance Lotterbury,37,SP,,L,L,Competitive,,D,1.5,6,19,21,69,0,6,20,40,"4F, SL, CH",Reverse Splits,,TRUE,2024-01-01,SMB4 Platypi
328,Remington Sharp,36,RP,,L,L,Competitive,,A-,0.8,8,8,27,66,0,70,60,89,"4F, 2F, SL",Elite 2F,,TRUE,2024-01-01,SMB4 Platypi
329,Hugh Jacobs,29,RP,,R,R,Disciplined,,C,1.3,11,13,12,67,0,16,64,46,"4F, CB, SL",,,TRUE,2024-01-01,SMB4 Platypi
330,Walt Huckster,29,RP,,R,R,Disciplined,,C,1.3,5,11,61,27,0,55,25,59,"4F, CB, CH",K Neglector,,TRUE,2024-01-01,SMB4 Platypi
331,Rodney Park,21,SS,,L,R,Disciplined,,B-,1.1,27,77,69,61,72,0,0,0,,Cannon Arm,,TRUE,2024-01-01,SMB4 Sandcats
332,Marsha Brown,22,RF,OF,L,L,Crafty,,A,0.7,82,76,87,58,52,0,0,0,,Tough Out,,TRUE,2024-01-01,SMB4 Sandcats
333,Hercules Bentley,31,1B,C,R,R,Crafty,,B,1.0,88,66,13,78,56,0,0,0,,,,TRUE,2024-01-01,SMB4 Sandcats
334,Jess Fowl,22,1B,3B,R,R,Disciplined,,B,1.0,62,35,88,90,64,0,0,0,,Low Pitch,,TRUE,2024-01-01,SMB4 Sandcats
335,Dolf Steak,27,CF,1B/OF,L,L,Competitive,,A-,0.8,42,68,87,87,88,0,0,0,,POW vs PHP,CON vs RPH,TRUE,2024-01-01,SMB4 Sandcats
336,Knox Oxensocksen,29,C,LF,R,R,Competitive,,B,1.0,11,96,79,92,77,0,0,0,,Little Hack,,TRUE,2024-01-01,SMB4 Sandcats
337,Super Sampson,29,CF,OF,R,R,Competitive,,B,1.0,24,57,98,97,97,0,0,0,,Consistent,,TRUE,2024-01-01,SMB4 Sandcats
338,Chip Duffers,37,2B,SS,R,R,Crafty,,B-,1.1,20,72,90,73,80,0,0,0,,First Pitch Prayer,Magic Hands,TRUE,2024-01-01,SMB4 Sandcats
339,Kara Kawaguchi,29,3B,,R,R,Disciplined,,C+,1.2,44,42,90,60,90,0,0,0,,Wild Thrower,,TRUE,2024-01-01,SMB4 Sandcats
340,Winston Draper,38,2B,3B,L,R,Spirited,,C+,1.2,68,35,52,79,33,0,0,0,,Easy Target,,TRUE,2024-01-01,SMB4 Sandcats
341,Gia Axelson,28,LF,OF,L,L,Disciplined,,C+,1.2,33,76,59,43,32,0,0,0,,RBI Zero,,TRUE,2024-01-01,SMB4 Sandcats
342,Tigg Tantrum,28,LF,OF,R,R,Competitive,,C+,1.2,41,32,85,37,65,0,0,0,,Mind Gamer,,TRUE,2024-01-01,SMB4 Sandcats
343,Stracy Wickers,36,C,1B,R,R,Disciplined,,C,1.3,71,23,55,42,44,0,0,0,,Distractor,,TRUE,2024-01-01,SMB4 Sandcats
344,Kerwin Arches,35,SP,,R,R,Competitive,,A-,0.8,55,13,16,82,0,60,62,80,"4F, CB, SL, SB",Workhorse,,TRUE,2024-01-01,SMB4 Sandcats
345,Kandi Sweet,30,SP,,L,L,Spirited,,C+,1.2,15,3,29,53,0,50,45,35,"4F, 2F, CB, SL",Pick Officer,Gets Ahead,TRUE,2024-01-01,SMB4 Sandcats
346,Beebee Takabasei,31,SP,,L,R,Competitive,,C,1.3,6,16,21,57,0,55,62,9,"4F, CB, SL, SB, CH",BB Prone,,TRUE,2024-01-01,SMB4 Sandcats
347,Trey Mondo,19,SP,,R,R,Crafty,,C-,1.4,1,33,79,92,0,23,45,28,"4F, CF, CB, SL, CH",,,TRUE,2024-01-01,SMB4 Sandcats
348,Sergio Slider,31,SP/RP,,L,R,Disciplined,,A-,0.8,14,30,26,50,0,76,85,55,"4F,SL,CH",Elite SL,Wild Thing,TRUE,2024-01-01,SMB4 Sandcats
349,Gasser Morris,31,RP,,L,L,Competitive,,A,0.7,2,6,12,58,0,95,56,79,"4F, CF, SL, CH",Specialist,,TRUE,2024-01-01,SMB4 Sandcats
350,Maverick McMann,21,RP,,R,R,Spirited,,A-,0.8,5,15,53,58,0,79,97,62,"4F, CB, SL",K Neglecter,,TRUE,2024-01-01,SMB4 Sandcats
351,Jemma Yago,28,RP,,R,R,Scholarly,,C,1.3,6,58,12,50,0,47,30,52,"4F, CF, CB",,,TRUE,2024-01-01,SMB4 Sandcats
352,Ice Vainer,31,RP,,L,R,Disciplined,,A-,0.8,3,13,57,40,0,87,93,46,"4F, SL",Composed,,TRUE,2024-01-01,SMB4 Sandcats
353,Slash Trips,22,CF,1B/OF,S,L,Disciplined,,A-,0.8,66,88,95,64,36,0,0,0,,Bad Ball Hitter,Rally Starter,TRUE,2024-01-01,SMB4 Sawteeth
354,Johnny Bags,23,RF,LF,S,R,Disciplined,,B+,0.9,66,73,75,35,70,0,0,0,,Clutch,,TRUE,2024-01-01,SMB4 Sawteeth
355,Junior Young Sr,42,C,1B,R,R,Spirited,,B-,1.1,70,41,38,76,92,0,0,0,,CON vs LHP,,TRUE,2024-01-01,SMB4 Sawteeth
356,Jon Ronero,28,SS,2B,R,R,Crafty,,B+,0.9,90,58,69,74,19,0,0,0,,Bad Jumps,Big Hack,TRUE,2024-01-01,SMB4 Sawteeth
357,Lester Bronco,31,RF,OF,L,R,Competitive,,B+,0.9,65,78,70,27,74,0,0,0,,Tough Out,,TRUE,2024-01-01,SMB4 Sawteeth
358,Kira Nutmeg,21,3B,SS,L,R,Scholarly,,B,1.0,44,93,52,55,72,0,0,0,,Base Rounder,,TRUE,2024-01-01,SMB4 Sawteeth
359,DP Turner,32,2B,IF,L,R,Crafty,,B-,1.1,61,55,43,80,46,0,0,0,,Cannon Arm,Dive Wizard,TRUE,2024-01-01,SMB4 Sawteeth
360,Junior Young Jr,19,1B,C,R,R,Crafty,,C,1.3,79,29,49,45,58,0,0,0,,POW vs LHP,,TRUE,2024-01-01,SMB4 Sawteeth
361,Pex Flext,29,C,RF,L,R,Disciplined,,B,1.0,62,73,15,69,75,0,0,0,,Sign Stealer,,TRUE,2024-01-01,SMB4 Sawteeth
362,Cathy Culdesac,21,LF,RF,L,R,Spirited,,B-,1.1,50,52,64,88,48,0,0,0,,CON vs RHP,,TRUE,2024-01-01,SMB4 Sawteeth
363,Hanso Magikko,22,SS,IF/OF,R,R,Crafty,,C+,1.2,37,41,57,91,80,0,0,0,,Magic Hands,,TRUE,2024-01-01,SMB4 Sawteeth
364,Mattie Batts,36,CF,OF,L,L,Scholarly,,B,1.0,62,64,73,52,40,0,0,0,,Pinch Perfect,Noodle Arm,TRUE,2024-01-01,SMB4 Sawteeth
365,Sammie Shigetani,29,2B,3B,L,R,Scholarly,,B-,1.1,42,56,57,65,53,0,0,0,,Stimulated,,TRUE,2024-01-01,SMB4 Sawteeth
366,Lefty Southpalm,38,SP,,L,L,Spirited,,B+,0.9,12,16,31,44,0,47,80,60,"4F, SL, SB, CH",Specialist,Pick Officer,TRUE,2024-01-01,SMB4 Sawteeth
367,Fabio Fabulo,31,SP,,R,L,Spirited,,B,1.0,13,21,10,12,0,59,38,82,"4F, 2F, SL, CH, FK",Elite FK,,TRUE,2024-01-01,SMB4 Sawteeth
368,Thrash Allmeyer,31,SP,,R,R,Scholarly,,B-,1.1,2,21,24,82,0,44,56,76,"4F, CB, SL, CH",Wild Thing,,TRUE,2024-01-01,SMB4 Sawteeth
369,Melody Moods,30,SP,,R,L,Scholarly,,C+,1.2,20,26,15,55,0,26,69,55,"4F, CF, CB, SL, CH",Volatile,,TRUE,2024-01-01,SMB4 Sawteeth
370,Grease Veterano,32,SP/RP,,R,R,Disciplined,,B-,1.1,6,26,17,70,0,28,75,63,"4F, CF, CB, SL",,,TRUE,2024-01-01,SMB4 Sawteeth
371,Brick Towers,29,RP,,R,R,Scholarly,,B+,0.9,2,24,48,46,0,59,96,48,"4F, CB, SL",Elite SL,,TRUE,2024-01-01,SMB4 Sawteeth
372,Doc Simpleman,37,RP,,L,L,Scholarly,,B-,1.1,22,26,28,58,0,61,53,53,"4F, 2F, SL",Falls Behind,Durable,TRUE,2024-01-01,SMB4 Sawteeth
373,Libby Doe,25,RP,,R,R,Crafty,,B-,1.1,7,18,32,63,0,56,58,49,"4F, 2F, CH",,,TRUE,2024-01-01,SMB4 Sawteeth
374,Maximo Primo,27,CP,,L,R,Competitive,,A,0.7,9,22,13,71,0,70,91,80,"4F, CB, CH",Rally Stopper,,TRUE,2024-01-01,SMB4 Sawteeth
375,Kat Stanza,31,1B,C,L,R,Disciplined,,B+,0.9,90,71,58,42,65,0,0,0,,,,TRUE,2024-01-01,SMB4 Sirloins
376,Hammer Longballo,29,RF,1B/OF,L,R,Competitive,,A+,0.6,99,78,60,58,75,0,0,0,,POW vs RHP,Fastball Hitter,TRUE,2024-01-01,SMB4 Sirloins
377,Lloyd Cook,32,2B,3B,L,R,Spirited,,A-,0.8,80,52,83,72,33,0,0,0,,High Pitch,,TRUE,2024-01-01,SMB4 Sirloins
378,Filet Jones,20,LF,RF,R,R,Spirited,,C+,1.2,97,41,44,55,25,0,0,0,,Noodle Arm,,TRUE,2024-01-01,SMB4 Sirloins
379,Madoka Hayata,36,3B,SS,R,R,Scholarly,,B,1.0,48,84,97,43,45,0,0,0,,Wild Thrower,,TRUE,2024-01-01,SMB4 Sirloins
380,Willard Wiggins,21,SS,2B,L,R,Competitive,,B,1.0,66,50,64,46,68,0,0,0,,RBI Hero,Dive Wizard,TRUE,2024-01-01,SMB4 Sirloins
381,Preston Addonomus,37,C,1B,S,R,Spirited,,B-,1.1,84,19,48,64,69,0,0,0,,,,TRUE,2024-01-01,SMB4 Sirloins
382,Damien Rush,31,CF,OF,R,R,Scholarly,,B,1.0,89,12,93,57,70,0,0,0,,Sprinter,Magic Hands,TRUE,2024-01-01,SMB4 Sirloins
383,Momo Tobo,29,C,,R,R,Scholarly,,C+,1.2,50,48,37,70,80,0,0,0,,,,TRUE,2024-01-01,SMB4 Sirloins
384,Tish Balin,22,CF,OF,R,L,Disciplined,,B-,1.1,58,33,68,70,90,0,0,0,,Utility,,TRUE,2024-01-01,SMB4 Sirloins
385,Boomer Plattune,34,3B,2B,S,R,Spirited,,B,1.0,70,54,54,41,80,0,0,0,,,,TRUE,2024-01-01,SMB4 Sirloins
386,Javier Cortez,27,LF,OF,L,L,Scholarly,,C+,1.2,65,32,46,44,64,0,0,0,,Stealer,,TRUE,2024-01-01,SMB4 Sirloins
387,Mick Steeyle,27,1B,,L,R,Spirited,,C+,1.2,84,35,45,28,21,0,0,0,,Pinch Perfect,,TRUE,2024-01-01,SMB4 Sirloins
388,Manny Kays,25,SP,,L,L,Disciplined,,A+,0.6,11,2,67,88,0,75,88,77,"4F, 2F, CB, CH",Elite 2F,,TRUE,2024-01-01,SMB4 Sirloins
389,Bugsy Snugs,31,SP,,R,R,Scholarly,,B+,0.9,18,6,15,37,0,77,64,64,"4F, 2F, CF, SL",BB Prone,,TRUE,2024-01-01,SMB4 Sirloins
390,Slip Van'Derwink,30,SP,,L,L,Competitive,,B+,0.9,44,2,14,46,0,60,76,71,"4F, CB, SL, CH, FK",Easy Jumps,,TRUE,2024-01-01,SMB4 Sirloins
391,Kayo Niomo,38,SP,,R,R,Spirited,,B,1.0,6,1,73,60,0,70,49,56,"4F, CF, SL, CH",Pick Officer,,TRUE,2024-01-01,SMB4 Sirloins
392,Split Seemerson,21,SP/RP,,R,R,Spirited,,C+,1.2,15,9,8,51,0,35,65,55,"4F, SB, CH, FK",Elite FK,Injury Prone,TRUE,2024-01-01,SMB4 Sirloins
393,Shay Dee,31,RP,,L,L,Crafty,,A,0.7,29,17,32,94,0,84,51,95,"4F, CF, CB, CH",Falls Behind,Stimulated,TRUE,2024-01-01,SMB4 Sirloins
394,Linus Digby,27,RP,,L,R,Competitive,,C,1.3,21,6,54,89,0,50,55,19,"4F, CB, SL, CH",,,TRUE,2024-01-01,SMB4 Sirloins
395,Miguel Duke,29,RP,,L,R,Competitive,,C,1.3,9,13,47,39,0,30,86,18,"4F, CB, SL",,,TRUE,2024-01-01,SMB4 Sirloins
396,Franz Zilla,32,CP,,R,R,Scholarly,,C+,1.2,5,2,19,58,0,85,39,25,"4F, SL",K Collector,,TRUE,2024-01-01,SMB4 Sirloins
397,Masha Donga,29,SS,IF,R,R,Disciplined,,A-,0.8,73,92,48,56,65,0,0,0,,Off-Speed Hitter,,TRUE,2024-01-01,SMB4 Wideloads
398,Darcy Hicks,38,1B,,R,R,Spirited,,B+,0.9,84,92,53,8,39,0,0,0,,Inside Pitch,,TRUE,2024-01-01,SMB4 Wideloads
399,Hack Liner,31,3B,SS,R,R,Competitive,,A,0.7,92,87,65,57,86,0,0,0,,Big Hack,Ace Exterminator,TRUE,2024-01-01,SMB4 Wideloads
400,Chimo Gaspar,29,SS,2B,R,R,Competitive,,A-,0.8,89,53,56,89,72,0,0,0,,Con vs LHP,Low Pitch,TRUE,2024-01-01,SMB4 Wideloads
401,Harmony Straus,28,C,1B,L,R,Crafty,,B+,0.9,77,60,12,45,96,0,0,0,,Fastball Hitter,,TRUE,2024-01-01,SMB4 Wideloads
402,Wade Hobbes,37,CF,OF,L,L,Crafty,,B+,0.9,88,54,48,71,57,0,0,0,,First Pitch Slayer,,TRUE,2024-01-01,SMB4 Wideloads
403,Ella Roids,21,RF,C,R,R,Crafty,,B-,1.1,80,52,23,71,79,0,0,0,,Stimulated,,TRUE,2024-01-01,SMB4 Wideloads
404,Fungo Accuro,31,CF,OF,R,R,Competitive,,B,1.0,38,97,72,58,35,0,0,0,,Little Hack,,TRUE,2024-01-01,SMB4 Wideloads
405,Janus Friedman,31,2B,3B,R,R,Crafty,,B,1.0,75,62,57,81,50,0,0,0,,Butter Fingers,,TRUE,2024-01-01,SMB4 Wideloads
406,Izzy Baker,29,2B,,R,R,Disciplined,,B-,1.1,40,59,82,56,62,0,0,0,,,,TRUE,2024-01-01,SMB4 Wideloads
407,Prince Prize,32,C,LF,R,R,Competitive,,C+,1.2,26,50,72,72,49,0,0,0,,Bunter,,TRUE,2024-01-01,SMB4 Wideloads
408,Olaf Beerson,37,LF,,R,L,Scholarly,,C,1.3,79,36,29,86,25,0,0,0,,Outside Pitch,,TRUE,2024-01-01,SMB4 Wideloads
409,Jules Bergman,30,LF,OF,R,L,Crafty,,C,1.3,76,13,72,40,53,0,0,0,,,,TRUE,2024-01-01,SMB4 Wideloads
410,Chugg Burbony,23,SP,,R,L,Competitive,,A-,0.8,13,5,9,49,0,79,58,92,"4F, 2F, CF, SL, CH",Falls Behind,Metal Head,TRUE,2024-01-01,SMB4 Wideloads
411,Sanny Deals,21,SP,,R,R,Disciplined,,A-,0.8,9,23,13,59,0,77,78,56,"4F, CF, CB, FK",K Collector,,TRUE,2024-01-01,SMB4 Wideloads
412,Latoya Lumberg,36,SP,,L,R,Disciplined,,B-,1.1,17,5,13,23,0,36,56,75,"4F, CB, CH, FK",,,TRUE,2024-01-01,SMB4 Wideloads
413,Gerry Rawner,31,SP,,R,R,Scholarly,,B-,1.1,40,29,53,72,0,29,65,52,"4F, CB, SL, CH",Workhorse,Meltdown,TRUE,2024-01-01,SMB4 Wideloads
414,Holder Close,22,SP/RP,,L,L,Disciplined,,B+,0.9,22,10,9,54,0,46,78,76,"4F, 2F, CB, SL",Pick Officer,Elite CB,TRUE,2024-01-01,SMB4 Wideloads
415,Bale Bozzer,27,RP,,L,L,Disciplined,,B+,0.9,24,3,29,65,0,49,84,69,"4F, SL, SB, CH",Crossed Up,,TRUE,2024-01-01,SMB4 Wideloads
416,Molly Pops,27,RP,,L,R,Crafty,,B-,1.1,15,2,5,66,0,60,60,48,"4F, 2F, CB",Surrounded,,TRUE,2024-01-01,SMB4 Wideloads
417,Kyrone Throne,30,RP,,R,R,Crafty,,C+,1.2,4,1,8,21,0,38,74,38,"4F, SL, CH",,,TRUE,2024-01-01,SMB4 Wideloads
418,Rogan Balls,29,CP,,R,R,Spirited,,B-,1.1,26,7,11,45,0,82,43,34,"4F, CF, CB",Elite CF,,TRUE,2024-01-01,SMB4 Wideloads
419,Bloop Michaels,25,SS,2B,R,R,Spirited,,A,0.7,78,76,92,73,53,0,0,0,,Bad Ball Hitter,Rally Starter,TRUE,2024-01-01,SMB4 Wild Pigs
420,Snag Roper,38,SS,,R,R,Competitive,,B+,0.9,68,87,22,93,91,0,0,0,,Magic Hands,,TRUE,2024-01-01,SMB4 Wild Pigs
421,Spanky Wagnerd,28,1B,,L,R,Crafty,,B+,0.9,97,58,66,16,14,0,0,0,,First Pitch Slayer,Butter Fingers,TRUE,2024-01-01,SMB4 Wild Pigs
422,Flash Evans,30,RF,C,R,R,Scholarly,,B,1.0,90,30,98,49,29,0,0,0,,Dive Wizard,,TRUE,2024-01-01,SMB4 Wild Pigs
423,Rosy Hardman,22,LF,OF,L,L,Crafty,,B-,1.1,93,30,47,36,31,0,0,0,,High Pitch,,TRUE,2024-01-01,SMB4 Wild Pigs
424,Frank Battery,27,C,,S,R,Disciplined,,B+,0.9,35,61,73,97,87,0,0,0,,Base Jogger,Durable,TRUE,2024-01-01,SMB4 Wild Pigs
425,Mannon Moon,32,CF,OF,L,R,Scholarly,,B-,1.1,62,26,87,53,50,0,0,0,,POW vs RHP,,TRUE,2024-01-01,SMB4 Wild Pigs
426,Roberto Alba,36,3B,IF,L,R,Crafty,,C+,1.2,53,51,58,43,45,0,0,0,,Clutch,,TRUE,2024-01-01,SMB4 Wild Pigs
427,Wally Bacon,37,2B,3B,R,R,Spirited,,B-,1.1,59,36,96,58,25,0,0,0,,,,TRUE,2024-01-01,SMB4 Wild Pigs
428,Earnie Blings,29,C,RF,L,R,Crafty,,C+,1.2,85,40,31,40,34,0,0,0,,Little Hack,,TRUE,2024-01-01,SMB4 Wild Pigs
429,Turbo Miles,31,2B,SS,R,R,Disciplined,,C+,1.2,40,56,91,27,25,0,0,0,,Stealer,,TRUE,2024-01-01,SMB4 Wild Pigs
430,Enrique Goyo,19,LF,,L,R,Scholarly,,C+,1.2,51,46,73,49,25,0,0,0,,Bad Jumps,Base Rounds,TRUE,2024-01-01,SMB4 Wild Pigs
431,Godfried Storm,21,CF,1B/OF,L,L,Competitive,,C+,1.2,48,37,55,35,83,0,0,0,,Utility,,TRUE,2024-01-01,SMB4 Wild Pigs
432,Wes Yogurt,29,SP,,R,R,Competitive,,A,0.7,8,3,83,17,0,74,75,85,"4F, CF, CH",Elite CH,,TRUE,2024-01-01,SMB4 Wild Pigs
433,Hugs Lovell,36,SP,,L,L,Spirited,,B,1.0,33,4,74,38,0,52,55,70,"4F, CB, SL, SB, CH",Elite SB,,TRUE,2024-01-01,SMB4 Wild Pigs
434,Durbin Holmes,21,SP,,R,R,Competitive,,B,1.0,4,15,67,55,0,39,85,64,"4F, CB, SL, CH",,,TRUE,2024-01-01,SMB4 Wild Pigs
435,Wiff Smesson,31,SP,,L,R,Scholarly,,B,1.0,2,39,63,44,0,47,65,53,"4F, 2F, CB, CH, FK",Composed,Elite FK,TRUE,2024-01-01,SMB4 Wild Pigs
436,Cutter Crackebarrel,29,SP/RP,,L,R,Scholarly,,B-,1.1,24,28,4,30,0,89,37,39,"CF, CB, SL, CH",Elite CF,,TRUE,2024-01-01,SMB4 Wild Pigs
437,Donovan Drake,31,SP,,R,R,Spirited,,C+,1.2,6,12,53,23,0,92,24,45,"4F, SL, CH",,,TRUE,2024-01-01,SMB4 Wild Pigs
438,Alana Lantana,29,RP,,L,L,Disciplined,,A+,0.6,4,14,59,7,0,62,94,94,"4F, CF, SL",K Collector,,TRUE,2024-01-01,SMB4 Wild Pigs
439,Kendra Kerr,21,RP,,R,R,Disciplined,,B+,0.9,6,8,78,32,0,61,85,67,"4F, 2F, CB, SL",,,TRUE,2024-01-01,SMB4 Wild Pigs
440,Hander O'Speciallo,30,RP,,L,L,Crafty,,C+,1.2,2,5,10,75,0,23,70,51,"4F, CB, SL",Specialist,Surrounded,TRUE,2024-01-01,SMB4 Wild Pigs
